Rk,Name,Age,Tm,IP,G,GS,Wgs,Lgs,ND,Wchp,Ltuf,Wtm,Ltm,tmW-L%,Wlst,Lsv,CG,SHO,QS,QS%,GmScA,Best,Wrst,BQR,BQS,sDR,lDR,RS/GS,RS/IP,IP/GS,Pit/GS,<80,80-99,100-119,≥120,Max,Name-additional
1,Andrew Abbott*,24,CIN,85.1,15,15,8,3,4,3,1,12,3,0.8,1,0,0,0,8,53%,57.1,84,25,7,0,0,7,4.8,4.6,5.7,95,2,6,7,0,113,abbotan01
2,Joan Adon,24,WSN,18,5,3,1,0,2,0,0,3,0,1,0,1,0,0,1,33%,45.3,61,27,0,0,0,3,8.3,6.2,4.3,74,2,1,0,0,86,adonjo01
3,Keegan Akin*,28,BAL,23.2,24,1,0,0,1,0,0,0,1,0,0,1,0,0,0,0%,46,46,46,12,8,1,0,8,0,1,25,1,0,0,0,25,akinke01
4,Sandy Alcantara,27,MIA,171,26,26,6,11,9,0,2,10,16,0.385,4,2,3,1,12,46%,53.6,85,9,17,5,0,16,3.9,3.8,6.6,97,1,15,10,0,116,alcansa01
5,Scott Alexander*,33,SFG,39,46,7,0,2,5,0,0,3,4,0.429,0,0,0,0,0,0%,47.3,56,32,16,9,6,0,3,1.3,0.9,14,7,0,0,0,19,alexasc02
6,Tyler Alexander*,28,DET,44,25,1,0,1,0,0,0,0,1,0,0,0,0,0,0,0%,56,56,56,4,3,0,1,0,0,3,45,1,0,0,0,45,alexaty01
7,Kolby Allard*,25,ATL,12.1,4,3,0,1,2,0,0,1,2,0.333,1,0,0,0,0,0%,46.3,65,25,4,0,0,3,3,4.9,3.8,60,3,0,0,0,73,allarko01
8,Logan Allen*,24,CLE,103.1,19,19,6,6,7,1,2,12,7,0.632,1,3,0,0,7,37%,53.8,79,29,8,0,0,14,4.8,4.2,5.4,91,2,14,3,0,104,allenlo02
9,Chase Anderson,35,TOT,60.2,14,12,0,4,8,0,0,6,6,0.5,3,2,0,0,2,17%,,67,1,9,5,0,8,5,4.3,4.6,79,4,8,0,0,93,anderch01
10,Chase Anderson,35,COL,55.2,12,12,0,4,8,0,0,6,6,0.5,3,2,0,0,2,17%,42.3,67,1,9,5,0,8,5,4.3,4.6,79,4,8,0,0,93,anderch01
11,Tyler Anderson*,33,LAA,117.2,23,21,5,4,12,3,1,11,10,0.524,3,5,0,0,6,29%,45.5,66,20,13,8,0,21,5.2,5.1,5.2,91,1,15,5,0,109,anderty01
12,Shawn Armstrong,32,TBR,38,25,5,0,0,5,0,0,4,1,0.8,0,0,0,0,0,0%,55.4,58,54,6,1,4,1,3.6,0,2.2,32,5,0,0,0,44,armstsh01
13,Graham Ashcraft,25,CIN,134,24,24,7,8,9,1,2,11,13,0.458,2,3,0,0,14,58%,48.8,73,2,14,5,0,12,4.7,4.5,5.6,90,3,16,5,0,110,ashcrgr01
14,Javier Assad,25,CHC,72,23,5,1,0,4,0,0,4,1,0.8,1,2,0,0,2,40%,52.8,66,44,10,2,0,2,5.7,5.8,5,81,1,4,0,0,91,assadja01
15,Pedro Avila,26,SDP,23,7,1,0,0,1,0,0,1,0,1,0,0,0,0,0,0%,52,52,52,0,0,0,1,8,2.3,4,88,0,1,0,0,88,avilape01
16,Tanner Banks*,31,CHW,43,20,3,0,2,1,0,0,1,2,0.333,0,1,0,0,0,0%,43.3,50,38,3,1,1,1,3.5,1,3.4,64,3,0,0,0,66,banksta01
17,Matt Barnes,33,MIA,21.1,24,1,0,0,1,0,0,0,1,0,0,0,0,0,0,0%,51,51,51,9,5,1,0,2,9,1,24,1,0,0,0,24,barnema01
18,Jaime Barria,26,LAA,71,28,6,1,2,3,1,0,4,2,0.667,1,2,0,0,0,0%,48.2,69,23,2,0,1,3,6.1,4.2,4.6,78,3,3,0,0,93,barrija01
19,Chris Bassitt,34,TOR,151.2,26,26,12,6,8,0,2,15,11,0.577,2,4,1,1,16,62%,53.7,89,4,9,1,0,13,4.6,4.5,5.8,93,4,14,8,0,113,bassich01
20,Peyton Battenfield,25,CLE,34.2,7,6,0,5,1,0,2,0,6,0,0,0,0,0,2,33%,49.2,72,26,4,0,0,4,1,1.1,5.4,84,2,4,0,0,97,battepe01
21,Jalen Beeks*,29,TBR,39.1,28,8,0,1,7,0,0,3,5,0.375,0,1,0,0,0,0%,51.5,56,42,11,7,4,2,3.7,2.2,2,32,8,0,0,0,41,beeksja02
22,Brayan Bello,24,BOS,126.1,22,22,10,7,5,3,3,15,7,0.682,2,2,0,0,13,59%,52.9,73,26,8,2,0,18,6.1,5.3,5.7,94,2,13,7,0,107,bellobr01
23,Brennan Bernardino*,31,BOS,41.1,41,6,0,0,6,0,0,3,3,0.5,0,0,0,0,0,0%,52.8,56,48,17,6,6,0,4.3,4,1.5,25,6,0,0,0,31,bernabr01
24,José Berríos,29,TOR,152,26,26,9,9,8,3,3,14,12,0.538,1,1,0,0,12,46%,54.2,80,24,17,3,0,15,4.4,3.9,5.8,92,4,16,6,0,106,berrijo01
25,Tanner Bibee,24,CLE,113.2,20,20,9,3,8,4,0,11,9,0.55,3,3,0,0,9,45%,56.1,80,23,7,1,0,15,4.4,4.4,5.7,94,2,14,4,0,105,bibeeta01
26,Osvaldo Bido,27,PIT,44.1,13,8,0,2,6,0,1,2,6,0.25,0,3,0,0,1,13%,45.3,55,35,9,3,0,4,4.3,4.7,4.1,76,4,4,0,0,96,bidoos01
27,Shane Bieber,28,CLE,117,19,19,5,6,8,0,1,7,12,0.368,4,2,1,0,11,58%,53.3,79,20,8,0,0,11,3.5,3.3,6.2,94,0,14,5,0,108,biebesh01
28,Brandon Bielak,27,HOU,80,15,13,5,6,2,3,0,6,7,0.462,0,2,0,0,2,15%,48.1,73,31,18,4,0,10,3.7,3.6,5.4,92,0,11,2,0,106,bielabr01
29,Jake Bird,27,COL,76,57,3,0,0,3,0,0,2,1,0.667,0,1,0,0,0,0%,48,54,37,13,7,3,0,5.9,3.6,1.7,28,3,0,0,0,31,birdja01
30,Ty Blach*,32,COL,41,13,6,1,1,4,1,0,1,5,0.167,0,2,0,0,1,17%,49.7,62,33,6,1,0,4,2.7,1.8,4.6,71,2,4,0,0,89,blachty01
31,Paul Blackburn,29,OAK,78.2,15,14,3,3,8,1,0,8,6,0.571,3,2,0,0,5,36%,51.6,72,28,7,0,0,9,4.8,4.7,5.5,94,0,10,4,0,106,blackpa01
32,Ronel Blanco,29,HOU,50,16,7,2,1,4,2,1,3,4,0.429,1,1,0,0,3,43%,50.6,61,38,2,0,0,7,4.4,5.4,5.4,92,1,6,0,0,99,blancro01
33,Ryan Borucki*,29,PIT,26.1,23,2,0,0,2,0,0,1,1,0.5,0,0,0,0,0,0%,58.5,59,58,11,4,2,0,1.5,0,1.8,20,2,0,0,0,21,borucry01
34,Matthew Boyd*,32,DET,71,15,15,5,5,5,3,0,9,6,0.6,1,3,0,0,2,13%,48.2,66,19,10,4,0,10,4.4,4.1,4.7,78,4,10,1,0,102,boydma01
35,Cody Bradford*,25,TEX,40,12,6,1,1,4,1,0,1,5,0.167,0,3,0,0,0,0%,48.3,57,30,2,1,2,3,3.3,2.8,4.4,82,3,3,0,0,95,bradfco01
36,Kyle Bradish,26,BAL,127.2,23,23,8,6,9,1,3,15,8,0.652,3,3,0,0,13,57%,56.8,79,10,12,0,0,14,4.9,4.7,5.6,88,3,18,2,0,103,bradiky01
37,Taj Bradley,22,TBR,74.2,16,16,5,7,4,4,0,6,10,0.375,0,2,0,0,1,6%,47.9,70,19,9,5,0,12,4.6,5.1,4.7,84,3,13,0,0,95,bradlta01
38,John Brebbia,33,SFG,28.2,29,8,0,0,8,0,0,5,3,0.625,0,1,0,0,0,0%,52.1,57,47,5,2,5,1,5.6,6.8,1.1,20,8,0,0,0,26,brebbjo01
39,Beau Brieske,25,DET,20,15,1,0,0,1,0,0,1,0,1,0,0,0,0,0,0%,52,52,52,6,0,1,0,5,13.5,2,37,1,0,0,0,37,briesbe01
40,Jhony Brito,25,NYY,67,17,13,3,6,4,3,0,6,7,0.462,0,2,0,0,0,0%,43.9,68,11,15,5,0,8,3.7,3.5,4.1,71,7,6,0,0,92,britojh01
41,Connor Brogdon,28,PHI,29,27,1,0,0,1,0,0,0,1,0,0,0,0,0,0,0%,48,48,48,7,0,1,0,3,0,0.7,28,1,0,0,0,28,brogdco01
42,Hunter Brown,24,HOU,128,24,23,8,9,6,1,1,12,11,0.522,1,3,0,0,11,48%,51,79,21,19,5,0,19,4.4,4,5.5,95,0,22,1,0,102,brownhu01
43,Kris Bubic*,25,KCR,16,3,3,0,2,1,0,0,0,3,0,1,0,0,0,1,33%,51.3,77,29,0,0,0,2,1.7,1.7,5.3,88,1,1,1,0,100,bubickr01
44,Madison Bumgarner*,33,ARI,16.2,4,4,0,3,1,0,0,1,3,0.25,0,1,0,0,0,0%,29.8,43,15,3,0,0,3,3.3,3.4,4.2,88,0,3,1,0,103,bumgama01
45,Corbin Burnes,28,MIL,158,26,26,9,6,11,1,3,15,11,0.577,3,5,0,0,17,65%,57.3,87,24,5,1,0,20,4.5,4.8,6.1,96,0,19,7,0,110,burneco01
46,José Butto,25,NYM,14.2,4,2,0,1,1,0,0,1,1,0.5,1,0,0,0,0,0%,47,51,43,7,4,0,2,1.9,1.8,4.8,88,0,2,0,0,93,buttojo01
47,Edward Cabrera,25,MIA,77,17,17,5,6,6,3,1,8,9,0.471,1,1,0,0,3,18%,50.7,73,34,10,7,0,11,3.5,3.8,4.5,83,6,10,1,0,109,cabreed02
48,Griffin Canning,27,LAA,91.2,18,16,6,4,6,3,0,10,6,0.625,2,1,0,0,5,31%,52,75,31,14,6,0,16,6.2,7.3,5.3,91,3,8,4,1,120,cannigr01
49,Carlos Carrasco,36,NYM,88.1,19,19,3,7,9,0,0,7,12,0.368,2,3,0,0,3,16%,42,79,14,14,6,0,14,4.9,4.9,4.6,81,7,11,1,0,100,carraca01
50,Luis Castillo,30,SEA,157.1,26,26,10,7,9,2,2,14,12,0.538,0,6,0,0,14,54%,58.7,82,29,3,0,0,15,5.4,5,6.1,97,1,14,11,0,109,castilu02
51,Dylan Cease,27,CHW,138,26,26,5,6,15,4,2,13,13,0.5,5,4,0,0,10,38%,51.2,75,11,21,9,0,15,4.3,3.5,5.3,98,1,16,9,0,113,ceasedy01
52,Slade Cecconi,24,ARI,15.1,4,2,0,0,2,0,0,1,1,0.5,0,0,0,0,0,0%,48,49,47,2,1,0,1,5.5,3.6,4.3,68,2,0,0,0,76,ceccosl01
53,Luis Cessa,31,CIN,26,7,6,1,4,1,1,0,1,5,0.167,1,0,0,0,0,0%,31.3,51,-16,8,2,0,4,4.5,4.6,4.2,74,4,2,0,0,88,cessalu01
54,Jesse Chavez,39,ATL,29,31,1,0,0,1,0,0,0,1,0,0,0,0,0,0,0%,57,57,57,5,1,1,0,3,9,2.3,42,1,0,0,0,42,chaveje01
55,Yonny Chirinos,29,TOT,85,20,9,2,3,4,2,0,6,3,0.667,1,3,0,0,0,0%,37.7,59,19,21,8,0,6,7,7,4.8,80,5,4,0,0,96,chiriyo01
56,Yonny Chirinos,29,TBR,62.2,15,4,1,2,1,1,0,2,2,0.5,1,0,0,0,0,0%,40.3,59,19,14,3,0,3,4.5,5.9,5.3,82,2,2,0,0,96,chiriyo01
57,Yonny Chirinos,29,ATL,22.1,5,5,1,1,3,1,0,4,1,0.8,0,3,0,0,0,0%,35.6,47,29,7,5,0,3,9,7.9,4.5,79,3,2,0,0,95,chiriyo01
58,Aaron Civale,28,TOT,97.1,17,17,6,3,8,1,0,10,7,0.588,5,2,0,0,7,41%,57.2,82,37,8,3,0,12,4.5,4.2,5.7,90,1,13,3,0,103,civalaa01
59,Aaron Civale,28,CLE,77,13,13,5,2,6,1,0,7,6,0.538,3,2,0,0,6,46%,59,82,39,5,1,0,9,4,4,5.9,91,1,9,3,0,103,civalaa01
60,Aaron Civale,28,TBR,20.1,4,4,1,1,2,0,0,3,1,0.75,2,0,0,0,1,25%,51.3,66,37,3,2,0,3,5.9,5,5.1,88,0,4,0,0,91,civalaa01
61,Taylor Clarke,30,KCR,48.2,47,1,0,0,1,0,0,0,1,0,0,0,0,0,0,0%,57,57,57,10,4,1,0,0,0,2,22,1,0,0,0,22,clarkta01
62,Mike Clevinger,32,CHW,90.2,17,17,5,6,6,3,0,8,9,0.471,2,2,0,0,5,29%,53,76,29,8,1,0,13,5,3.5,5.3,89,4,10,3,0,102,clevimi01
63,Alex Cobb,35,SFG,132.1,24,24,6,5,13,0,1,16,8,0.667,4,3,1,1,10,42%,51.3,78,21,16,4,0,12,4.4,3.6,5.5,91,5,14,5,0,109,cobbal01
64,Gerrit Cole,32,NYY,160.1,26,26,10,4,12,1,2,16,10,0.615,3,3,1,1,18,69%,59.1,92,27,12,5,0,15,4.6,4.1,6.2,99,0,14,12,0,110,colege01
65,Dylan Coleman,26,KCR,18.1,23,1,0,0,1,0,0,1,0,1,0,0,0,0,0,0%,50,50,50,8,3,1,0,13.5,0,1,22,1,0,0,0,22,colemdy01
66,Roansy Contreras,23,PIT,68.1,19,11,3,5,3,1,1,5,6,0.455,0,2,0,0,4,36%,44.2,71,10,9,4,0,6,3.8,2.3,4.9,83,2,9,0,0,99,contrro01
67,Patrick Corbin*,33,WSN,149.1,26,26,9,11,6,3,4,13,13,0.5,3,3,0,0,13,50%,46.8,76,22,11,9,0,16,5.1,4.4,5.7,92,1,22,3,0,108,corbipa01
68,Jimmy Cordero,31,NYY,32.2,31,1,0,0,1,0,0,1,0,1,0,0,0,0,0,0%,56,56,56,13,4,1,0,7,13.5,2,28,1,0,0,0,28,cordeji01
69,Nestor Cortes*,28,NYY,63.1,12,12,5,2,5,3,0,8,4,0.667,3,1,0,0,3,25%,50.4,66,26,8,7,0,7,5.9,4.8,5.3,89,2,8,2,0,101,cortene01
70,Dylan Covey,31,TOT,31,19,1,0,1,0,0,0,0,1,0,0,0,0,0,0,0%,,16,16,10,3,0,0,4,0,0.7,30,1,0,0,0,30,coveydy01
71,Dylan Covey,31,PHI,27,18,1,0,1,0,0,0,0,1,0,0,0,0,0,0,0%,16,16,16,7,3,0,0,4,0,0.7,30,1,0,0,0,30,coveydy01
72,Austin Cox*,26,KCR,31.1,19,3,0,1,2,0,0,0,3,0,0,1,0,0,0,0%,43.7,56,35,8,4,0,2,1.7,1.8,3.4,59,2,1,0,0,81,coxau01
73,Kutter Crawford,27,BOS,96,24,16,6,5,5,4,0,8,8,0.5,1,2,0,0,2,13%,51.2,75,22,8,1,2,9,5.4,5.3,4.6,76,9,7,0,0,94,crawfku01
74,Jose Cuas,29,TOT,50.1,54,1,0,0,1,0,0,1,0,1,0,1,0,0,0,0%,,42,42,10,0,1,0,6,0,1.3,27,1,0,0,0,27,cuasjo01
75,Jose Cuas,29,KCR,41.2,45,1,0,0,1,0,0,1,0,1,0,1,0,0,0,0%,42,42,42,5,0,1,0,6,0,1.3,27,1,0,0,0,27,cuasjo01
76,Johnny Cueto,37,MIA,32.1,7,6,0,3,3,0,0,1,5,0.167,1,1,0,0,1,17%,47.8,71,30,4,3,0,5,2.7,2.9,4.9,77,2,3,1,0,100,cuetojo01
77,Xzavion Curry,24,CLE,77,32,7,0,2,5,0,0,2,5,0.286,1,3,0,0,1,14%,49.3,62,34,4,0,2,2,4.6,2.3,3.9,56,6,1,0,0,81,curryxz01
78,Yu Darvish,36,SDP,132.1,23,23,8,9,6,2,1,9,14,0.391,3,1,0,0,10,43%,52.4,81,18,14,6,0,14,4.1,3.8,5.8,93,1,13,9,0,115,darviyu01
79,Tucker Davidson*,27,TOT,39,25,1,0,0,1,0,0,0,1,0,0,0,0,0,0,0%,,52,52,13,8,1,0,4,0,1,14,1,0,0,0,14,davidtu01
80,Tucker Davidson*,27,KCR,7.1,7,1,0,0,1,0,0,0,1,0,0,0,0,0,0,0%,52,52,52,2,0,1,0,4,0,1,14,1,0,0,0,14,davidtu01
81,Zach Davies,30,ARI,57.1,12,12,1,5,6,0,0,5,7,0.417,1,2,0,0,2,17%,40.3,74,7,9,6,0,7,5.2,5.3,4.8,85,4,8,0,0,97,davieza02
82,Noah Davis,26,COL,18.2,5,4,0,2,2,0,0,0,4,0,0,0,0,0,0,0%,39.5,63,14,1,0,0,3,3.3,2.8,3.9,81,1,3,0,0,95,davisno01
83,José De León,30,MIN,17.1,12,1,0,0,1,0,0,1,0,1,0,0,0,0,0,0%,58,58,58,5,2,1,0,2.3,0,2,24,1,0,0,0,24,deleojo03
84,Jacob deGrom,35,TEX,30.1,6,6,2,0,4,0,0,6,0,1,1,1,0,0,3,50%,61.3,71,36,3,1,0,5,6.8,5.6,5.1,75,3,3,0,0,98,degroja01
85,Matt Dermody*,32,BOS,4,1,1,0,1,0,0,0,0,1,0,0,0,0,0,0,0%,42,42,42,0,0,0,1,3,0,4,76,1,0,0,0,76,dermoma01
86,Anthony DeSclafani,33,SFG,99.2,19,18,4,8,6,0,2,9,9,0.5,3,5,0,0,8,44%,49.7,79,26,8,5,0,11,4.6,2.9,5.3,82,8,8,2,0,109,desclan01
87,Reid Detmers*,23,LAA,120,23,23,3,10,10,1,1,8,15,0.348,3,3,0,0,6,26%,49.6,80,12,18,7,0,22,4,3.1,5.2,92,2,17,4,0,108,detmere01
88,Dylan Dodd*,25,ATL,24.1,5,5,2,1,2,1,0,4,1,0.8,1,0,0,0,1,20%,36.2,54,17,1,1,0,4,5.3,6.4,4.9,81,2,3,0,0,85,dodddy01
89,Shawn Dubin,27,HOU,9,3,1,0,0,1,0,0,1,0,1,0,1,0,0,0,0%,53,53,53,0,0,1,0,5,0,4,68,1,0,0,0,68,dubinsh01
90,Dane Dunning,28,TEX,132.2,27,19,7,5,7,1,0,10,9,0.526,3,2,0,0,10,53%,54.1,79,24,16,7,0,12,4.5,4.8,5.9,91,3,13,3,0,106,dunnida01
91,Zach Eflin,29,TBR,138.1,24,24,13,7,4,4,2,17,7,0.708,0,2,0,0,14,58%,56.3,81,19,3,1,0,14,5.8,5.8,5.8,83,8,13,3,0,102,eflinza01
92,Bryce Elder,24,ATL,143.1,25,25,10,4,11,3,0,17,8,0.68,4,4,0,0,14,56%,53.8,77,16,17,7,0,14,5.5,4.9,5.7,93,3,18,4,0,105,elderbr01
93,Mason Englert,23,DET,56,31,1,0,0,1,0,0,1,0,1,0,1,0,0,0,0%,48,48,48,15,5,1,0,5.8,0,2.7,45,1,0,0,0,45,englema01
94,Nathan Eovaldi,33,TEX,123.2,19,19,11,3,5,3,1,11,8,0.579,4,1,2,1,11,58%,60.8,89,30,7,1,0,12,6.2,5.1,6.5,96,0,13,6,0,113,eovalna01
95,Alex Faedo,27,DET,51.1,10,10,2,4,4,0,1,3,7,0.3,1,2,0,0,4,40%,51.4,70,21,2,1,0,8,4.6,3.8,5.1,82,4,6,0,0,94,faedoal01
96,Bailey Falter*,26,TOT,59.2,12,10,0,6,4,0,2,3,7,0.3,0,2,0,0,2,20%,45,60,31,10,2,0,5,3.2,2.3,4.9,83,4,6,0,0,98,falteba01
97,Bailey Falter*,26,PHI,40.1,8,7,0,6,1,0,2,1,6,0.143,0,1,0,0,2,29%,44.6,59,31,7,1,0,4,2.3,1.7,5.1,85,3,4,0,0,98,falteba01
98,Bailey Falter*,26,PIT,19.1,4,3,0,0,3,0,0,2,1,0.667,0,1,0,0,0,0%,46,60,31,3,1,0,1,5.3,3.6,4.4,77,1,2,0,0,86,falteba01
99,Calvin Faucher,27,TBR,25.2,17,4,0,1,3,0,0,2,2,0.5,0,2,0,0,0,0%,45,51,37,7,0,2,1,5.7,3.7,2,43,4,0,0,0,46,fauchca01
100,Ryan Feltner,26,COL,35.1,8,8,2,3,3,1,0,5,3,0.625,1,1,0,0,1,13%,44.5,66,27,13,5,0,5,5.5,5.3,4.4,79,3,5,0,0,92,feltnry01
101,Caleb Ferguson*,26,LAD,48,54,3,0,1,2,0,0,2,1,0.667,0,0,0,0,0,0%,48.3,51,45,16,2,3,0,5.2,0,1,21,3,0,0,0,22,ferguca01
102,Jack Flaherty,27,TOT,123.2,23,23,8,8,7,2,0,14,9,0.609,3,0,0,0,8,35%,48.8,79,1,23,8,0,15,5.8,5.3,5.4,97,1,12,10,0,111,flaheja01
103,Jack Flaherty,27,STL,109.2,20,20,7,6,7,2,0,13,7,0.65,3,0,0,0,7,35%,49.3,79,1,23,8,0,12,6.1,5.6,5.5,98,1,9,10,0,111,flaheja01
104,Jack Flaherty,27,BAL,14,3,3,1,2,0,0,0,1,2,0.333,0,0,0,0,1,33%,45.7,66,22,0,0,0,3,3.7,3.2,4.7,91,0,3,0,0,98,flaheja01
105,Josh Fleming*,27,TBR,51.2,12,3,0,0,3,0,0,2,1,0.667,1,1,0,0,0,0%,31.3,61,13,3,1,0,2,9.3,9,4.7,75,2,1,0,0,86,flemijo01
106,Chris Flexen,28,TOT,67.2,22,9,1,5,3,1,0,2,7,0.222,1,2,0,0,1,11%,37.4,57,4,2,0,0,6,5.2,6.7,4.8,83,4,4,1,0,106,flexech01
107,Chris Flexen,28,SEA,42,17,4,0,4,0,0,0,0,4,0,0,0,0,0,0,0%,32.3,57,4,0,0,0,3,4.5,6,4.3,82,2,2,0,0,91,flexech01
108,Chris Flexen,28,COL,25.2,5,5,1,1,3,1,0,2,3,0.4,1,2,0,0,1,20%,41.4,57,29,2,0,0,3,5.8,7.2,5.1,84,2,2,1,0,106,flexech01
109,J.P. France,28,HOU,110.1,19,18,8,5,5,0,3,10,8,0.556,1,2,0,0,12,67%,52.3,69,-4,12,4,0,16,4.8,4.3,5.9,93,1,13,4,0,105,francjp01
110,Kyle Freeland*,30,COL,129,24,24,5,13,6,2,4,9,15,0.375,2,3,0,0,9,38%,45.5,71,10,8,3,0,12,3.9,3.3,5.4,85,6,16,2,0,100,freelky01
111,Max Fried*,29,ATL,47.2,9,9,4,1,4,2,0,6,3,0.667,1,1,1,1,3,33%,54.6,74,37,7,3,0,6,5.6,6.6,5.3,84,4,2,3,0,107,friedma01
112,Shintaro Fujinami,29,TOT,64.1,49,7,0,6,1,0,1,1,6,0.143,0,0,0,0,1,14%,,55,10,27,15,3,4,1.6,1.8,2.5,51,6,1,0,0,92,fujinsh01
113,Shintaro Fujinami,29,OAK,49.1,34,7,0,6,1,0,1,1,6,0.143,0,0,0,0,1,14%,35,55,10,22,11,3,4,1.6,1.8,2.5,51,6,1,0,0,92,fujinsh01
114,Michael Fulmer,30,CHC,56.1,57,1,0,0,1,0,0,1,0,1,0,1,0,0,0,0%,47,47,47,15,4,1,0,9,0,2,29,1,0,0,0,29,fulmemi01
115,Hunter Gaddis,25,CLE,36,9,6,1,1,4,0,0,4,2,0.667,1,1,0,0,2,33%,45.8,72,12,5,3,0,5,4.5,4.4,4.7,77,4,2,0,0,90,gaddihu01
116,Zac Gallen,27,ARI,168,27,27,14,5,8,1,0,16,11,0.593,4,2,0,0,17,63%,58.6,84,17,11,4,0,13,5,5,6.2,95,1,21,5,0,110,galleza01
117,Luis Garcia,26,HOU,27,6,6,2,2,2,0,0,3,3,0.5,0,0,0,0,2,33%,53,81,35,3,1,0,5,5.4,3.9,4.5,77,1,5,0,0,97,garcilu05
118,Braxton Garrett*,25,MIA,128,25,24,7,4,13,5,1,18,6,0.75,2,4,0,0,6,25%,53,78,-8,14,5,0,15,4.7,3.2,5.2,80,9,15,0,0,95,garrebr01
119,Justin Garza,29,BOS,18.1,17,1,0,1,0,0,0,0,1,0,0,0,0,0,0,0%,35,35,35,8,2,1,0,0,0,1,32,1,0,0,0,32,garzaju01
120,Kevin Gausman,32,TOR,150.1,25,25,9,8,8,1,4,12,13,0.48,3,2,0,0,17,68%,58.1,82,11,17,5,0,15,3.2,3.1,6,99,0,11,14,0,115,gausmke01
121,Domingo Germán,30,NYY,108.2,20,19,5,7,7,2,0,9,10,0.474,2,2,1,1,6,32%,52.8,96,10,16,9,0,12,4.5,4.3,5.5,83,5,13,1,0,106,germado01
122,Kyle Gibson,35,BAL,158.1,27,27,13,7,7,3,2,16,11,0.593,1,3,0,0,14,52%,49.6,73,10,16,6,0,15,5.3,6.1,5.9,93,2,23,2,0,104,gibsoky01
123,Logan Gilbert,26,SEA,148,25,25,11,5,9,1,2,15,10,0.6,3,6,1,1,14,56%,55.5,87,19,11,4,0,15,4.9,3.7,5.9,91,2,19,4,0,105,gilbelo01
124,Lucas Giolito,28,TOT,148,26,26,7,10,9,2,3,8,18,0.308,4,4,0,0,13,50%,52.7,78,8,8,1,0,13,4,3.9,5.7,96,2,11,13,0,110,giolilu01
125,Lucas Giolito,28,CHW,121,21,21,6,6,9,2,2,7,14,0.333,4,4,0,0,11,52%,54.9,78,13,5,1,0,10,4.1,3.9,5.8,97,1,10,10,0,108,giolilu01
126,Lucas Giolito,28,LAA,27,5,5,1,4,0,0,1,1,4,0.2,0,0,0,0,2,40%,43.6,59,8,3,0,0,3,3.9,3.5,5.4,94,1,1,3,0,110,giolilu01
127,Tyler Glasnow,29,TBR,80.2,14,14,6,4,4,1,0,8,6,0.571,1,2,0,0,6,43%,58.4,75,32,8,0,0,9,5.1,4.3,5.8,91,0,13,1,0,102,glasnty01
128,Austin Gomber*,29,COL,136.1,26,26,9,9,8,3,2,13,13,0.5,5,3,0,0,12,46%,44.7,64,0,21,11,0,16,5.2,4.7,5.2,81,10,16,0,0,94,gombeau01
129,Tony Gonsolin,29,LAD,103,20,20,8,5,7,5,1,11,9,0.55,1,2,0,0,4,20%,49.4,72,2,10,3,0,12,6.1,6.2,5.2,83,5,14,1,0,109,gonsoto01
130,Marco Gonzales*,31,SEA,50,10,10,4,1,5,2,0,7,3,0.7,3,2,0,0,4,40%,45.8,64,6,7,4,0,7,5.4,4.8,5,81,4,6,0,0,93,gonzama02
131,Victor González*,27,LAD,27.1,28,1,0,0,1,0,0,0,1,0,0,0,0,0,0,0%,51,51,51,12,6,0,1,4,9,0.7,14,1,0,0,0,14,gonzavi02
132,MacKenzie Gore*,24,WSN,127.1,25,25,6,10,9,4,2,9,16,0.36,2,2,0,0,8,32%,51.3,77,18,14,0,0,13,3.7,3.3,5.1,91,2,15,8,0,106,gorema01
133,Brusdar Graterol,24,LAD,54,55,1,0,0,1,0,0,1,0,1,0,0,0,0,0,0%,58,58,58,5,0,0,0,2,0,2,29,1,0,0,0,29,gratebr01
134,Jon Gray,31,TEX,131.2,23,23,8,7,8,3,4,12,11,0.522,1,4,1,0,10,43%,53.7,87,20,15,5,0,16,5,4.5,5.7,85,4,17,2,0,100,grayjo02
135,Josiah Gray,25,WSN,135.2,25,25,7,10,8,2,1,11,14,0.44,4,4,0,0,9,36%,51.3,72,30,10,4,0,13,3.9,4.7,5.4,95,0,17,8,0,106,grayjo03
136,Sonny Gray,33,MIN,143,25,25,6,6,13,2,3,11,14,0.44,5,4,0,0,12,48%,56.3,77,38,11,6,0,18,3.5,3.5,5.7,89,5,16,4,0,107,grayso01
137,Hunter Greene,23,CIN,76.1,15,15,2,5,8,0,1,5,10,0.333,1,3,0,0,5,33%,50.7,81,6,8,2,0,10,4.2,4.1,5.1,96,1,6,8,0,112,greenhu01
138,Zack Greinke,39,KCR,114.2,23,22,1,12,9,1,1,5,17,0.227,3,4,0,0,2,9%,45.5,68,18,8,7,0,13,3.3,2.4,5,77,10,12,0,0,91,greinza01
139,Michael Grove,26,LAD,64,15,12,1,3,8,1,0,6,6,0.5,1,2,0,0,0,0%,43.3,65,3,10,4,0,9,5.3,4.1,4.3,74,8,4,0,0,96,grovemi01
140,Javy Guerra,27,TOT,19.1,17,2,0,0,2,0,0,2,0,1,0,0,0,0,0,0%,,51,50,4,1,1,1,6.2,0,0.8,19,2,0,0,0,19,guerrja02
141,Javy Guerra,27,TBR,11,9,2,0,0,2,0,0,2,0,1,0,0,0,0,0,0%,50.5,51,50,2,0,1,1,6.2,0,0.8,19,2,0,0,0,19,guerrja02
142,Ian Hamilton,28,NYY,48.1,33,3,0,0,3,0,0,2,1,0.667,0,0,0,0,0,0%,47.3,53,44,12,3,3,0,5.7,9,1.3,23,3,0,0,0,29,hamilia01
143,Emerson Hancock,24,SEA,12,3,3,0,0,3,0,0,3,0,1,1,0,0,0,0,0%,47.7,59,30,0,0,0,2,7.7,9,4,65,2,1,0,0,87,hancoem01
144,Hogan Harris*,26,OAK,63,14,6,1,5,0,1,2,1,5,0.167,0,0,0,0,2,33%,38.8,63,8,6,3,0,2,2.8,3.6,5,87,3,2,1,0,105,harriho03
145,Kyle Harrison*,21,SFG,3.1,1,1,0,0,1,0,0,0,1,0,0,1,0,0,0,0%,46,46,46,1,0,0,1,3,2.3,3.3,65,1,0,0,0,65,harriky01
146,Thomas Hatch,28,TOT,16.2,11,1,0,0,1,0,0,1,0,1,0,0,0,0,0,0%,,55,55,4,1,1,0,12.4,6,3,45,1,0,0,0,45,hatchto01
147,Thomas Hatch,28,PIT,10.1,5,1,0,0,1,0,0,1,0,1,0,0,0,0,0,0%,55,55,55,2,1,1,0,12.4,6,3,45,1,0,0,0,45,hatchto01
148,Andrew Heaney*,32,TEX,122.1,25,25,9,6,10,5,2,14,11,0.56,2,2,0,0,7,28%,50.6,79,16,17,1,0,19,6.9,6.1,4.9,85,6,18,1,0,101,heanean01
149,Kyle Hendricks,33,CHC,98.2,17,17,5,6,6,1,3,9,8,0.529,2,1,0,0,10,59%,51.6,82,21,8,3,0,6,4.1,3.6,5.8,89,2,14,1,0,100,hendrky01
150,Tommy Henry*,25,ARI,89,17,16,5,4,7,3,1,10,6,0.625,0,1,0,0,6,38%,49.5,78,31,14,3,1,8,6.1,5.8,5.5,86,3,13,0,0,97,henryto01
151,Carlos Hernández,26,KCR,61,55,4,0,0,4,0,0,1,3,0.25,0,1,0,0,0,0%,52,59,34,5,3,4,0,3.8,6.4,1.8,28,4,0,0,0,33,hernaca04
152,Rich Hill*,43,TOT,130.1,25,25,7,13,5,2,1,10,15,0.4,1,3,0,0,7,28%,46.5,75,19,14,1,0,14,4.6,4.6,5.2,90,5,15,5,0,119,hillri01
153,Rich Hill*,43,PIT,119,22,22,7,10,5,2,1,10,12,0.455,1,3,0,0,7,32%,47.5,75,19,13,1,0,12,5.1,5,5.4,93,3,14,5,0,119,hillri01
154,Rich Hill*,43,SDP,11.1,3,3,0,3,0,0,0,0,3,0,0,0,0,0,0,0%,39.3,53,28,1,0,0,2,1,0,3.8,72,2,1,0,0,83,hillri01
155,Bryan Hoeing,26,MIA,52,25,6,0,2,4,0,0,4,2,0.667,2,0,0,0,0,0%,43.5,66,20,4,0,0,3,6.3,5.4,4.1,67,5,1,0,0,87,hoeinbr01
156,Tyler Holton*,27,DET,66.2,45,1,0,0,1,0,0,0,1,0,0,0,0,0,0,0%,53,53,53,9,1,1,0,2,0,1,13,1,0,0,0,13,holtoty01
157,Tanner Houck,27,BOS,72.2,14,14,3,7,4,2,1,6,8,0.429,0,2,0,0,3,21%,49.4,68,38,4,3,0,13,5.5,5.4,5.2,81,7,7,0,0,96,houckta01
158,Adrian Houser,30,MIL,88.1,18,16,5,4,7,2,0,10,6,0.625,1,4,0,0,5,31%,48.1,67,15,14,4,0,12,4.7,4.6,5.2,87,3,12,1,0,104,housead01
159,Dakota Hudson,28,STL,43.1,11,5,4,0,1,2,0,5,0,1,0,0,0,0,2,40%,52.4,65,42,5,1,1,3,7,8.3,5.4,87,2,2,1,0,101,hudsoda02
160,Cole Irvin*,29,BAL,58,18,10,1,3,6,1,0,7,3,0.7,2,1,0,0,1,10%,49.2,68,24,10,8,0,7,4.7,4.1,4.6,76,5,4,1,0,101,irvinco01
161,Jake Irvin,26,WSN,96.2,19,19,3,5,11,1,2,9,10,0.474,1,5,0,0,6,32%,48.8,67,25,20,4,0,11,4.5,4.1,5.1,90,4,13,2,0,111,irvinja01
162,Andre Jackson,27,TOT,36.2,12,2,0,1,1,0,0,0,2,0,0,0,0,0,0,0%,,50,42,4,2,0,0,2.8,3.4,4,75,2,0,0,0,78,jacksan01
163,Andre Jackson,27,PIT,19,5,2,0,1,1,0,0,0,2,0,0,0,0,0,0,0%,46,50,42,2,0,0,0,2.8,3.4,4,75,2,0,0,0,78,jacksan01
164,Joe Jacques*,28,BOS,20,17,1,0,1,0,0,0,0,1,0,0,0,0,0,0,0%,34,34,34,6,2,1,0,0,0,1.3,29,1,0,0,0,29,jacqujo01
165,Drey Jameson,25,ARI,40.2,15,3,0,1,2,0,0,2,1,0.667,0,0,0,0,0,0%,46.3,60,33,4,1,0,1,6.9,11,2.9,56,3,0,0,0,71,jamesdr01
166,Cristian Javier,26,HOU,127.1,24,24,9,2,13,4,0,17,7,0.708,3,8,0,0,9,38%,50.9,68,17,9,5,0,21,6.8,6.3,5.3,94,0,19,5,0,105,javiecr01
167,Dany Jiménez,29,OAK,10,11,1,0,0,1,0,0,1,0,1,0,0,0,0,0,0%,53,53,53,3,0,1,0,5.6,0,1,16,1,0,0,0,16,jimenda01
168,Jakob Junis,30,SFG,70.2,34,3,0,0,3,0,0,2,1,0.667,0,1,0,0,0,0%,57.3,64,48,11,0,1,0,4.5,1,2.9,47,3,0,0,0,62,junisja01
169,Janson Junk,27,MIL,4.2,1,1,0,1,0,0,0,0,1,0,0,0,0,0,0,0%,32,32,32,1,0,0,1,3,0,4.7,79,1,0,0,0,79,junkja01
170,James Kaprielian,29,OAK,61,14,11,2,6,3,0,1,3,8,0.273,2,0,0,0,3,27%,45.5,60,25,9,1,0,7,3.8,3.3,5.3,93,1,7,3,0,106,kaprija01
171,Karl Kauffmann,25,COL,22.2,7,3,0,3,0,0,0,0,3,0,0,0,0,0,0,0%,26,33,15,7,5,0,1,3,3.5,4.2,81,1,2,0,0,85,kauffka01
172,Brad Keller,27,KCR,43.1,9,9,3,4,2,2,0,4,5,0.444,0,1,0,0,1,11%,45.7,70,12,8,1,0,4,4.8,4.9,4.8,92,0,8,1,0,105,kellebr01
173,Mitch Keller,27,PIT,155.2,26,26,10,8,8,2,0,13,13,0.5,5,1,1,1,14,54%,53.3,86,19,4,2,0,14,4.1,3.9,6,98,0,13,13,0,108,kellemi03
174,Trevor Kelley,30,TBR,13.1,9,3,0,0,3,0,0,1,2,0.333,0,0,0,0,0,0%,53.7,57,52,3,0,2,1,5.5,6.4,2.1,33,3,0,0,0,35,kelletr01
175,Merrill Kelly,34,ARI,136.1,23,23,10,5,8,2,1,13,10,0.565,3,2,0,0,15,65%,58.3,87,23,14,5,0,9,4.3,3.9,5.9,93,1,18,4,0,108,kellyme01
176,Brett Kennedy,28,CIN,12,3,2,1,0,1,1,0,2,0,1,0,0,0,0,0,0%,52,62,42,2,2,0,2,4.7,5.7,5,81,1,1,0,0,86,kennebr02
177,Clayton Kershaw*,35,LAD,107.1,19,19,11,4,4,1,0,14,5,0.737,1,3,0,0,11,58%,59.7,82,34,6,0,0,15,5.3,5.6,5.6,87,5,11,3,0,105,kershcl01
178,Dallas Keuchel*,35,MIN,13,3,3,1,1,1,0,0,2,1,0.667,0,1,0,0,1,33%,45.3,74,17,3,0,0,2,3.2,2.8,4.3,69,2,1,0,0,85,keuchda01
179,Yusei Kikuchi*,32,TOR,133,25,25,9,4,12,3,1,17,8,0.68,2,5,0,0,9,36%,53.6,75,26,13,3,0,13,5.4,4.4,5.3,89,3,20,2,0,103,kikucyu01
180,Caleb Kilian,26,CHC,5.1,3,1,0,1,0,0,0,0,1,0,0,0,0,0,0,0%,14,14,14,2,1,0,1,6,4.5,3.3,88,0,1,0,0,88,kiliaca01
181,Michael King,28,NYY,69,42,2,0,1,1,0,0,0,2,0,0,0,0,0,0,0%,49,55,43,13,1,2,0,3,2.3,2.3,46,2,0,0,0,50,kingmi01
182,George Kirby,25,SEA,156.1,25,25,10,8,7,0,4,14,11,0.56,1,3,1,0,17,68%,57.1,88,21,8,0,0,16,4.6,3,6.3,93,1,20,4,0,103,kirbyge01
183,Corey Kluber,37,BOS,55,15,9,2,6,1,1,0,3,6,0.333,0,1,0,0,1,11%,43.2,61,28,9,6,0,8,4.4,4.3,4.6,86,3,3,3,0,105,klubeco01
184,Reiss Knehr,26,SDP,5.2,4,1,0,1,0,0,0,0,1,0,0,0,0,0,0,0%,23,23,23,0,0,0,1,4,9,2,55,1,0,0,0,55,knehrre01
185,Michael Kopech,27,CHW,120,24,24,5,11,8,3,1,9,15,0.375,2,1,0,0,5,21%,49.4,90,11,16,2,0,15,3.8,4.4,5,92,3,14,7,0,104,kopecmi01
186,Dean Kremer,27,BAL,144,26,26,12,5,9,3,2,19,7,0.731,4,2,0,0,13,50%,51,72,20,15,6,0,16,5.7,5,5.5,92,1,22,3,0,105,kremede01
187,Chad Kuhl,30,WSN,38.1,16,5,0,2,3,0,0,1,4,0.2,2,0,0,0,0,0%,35.2,52,15,9,2,0,4,5.4,8.2,4.4,92,0,4,1,0,100,kuhlch01
188,Jimmy Lambert,28,CHW,34.2,32,1,0,0,1,0,0,0,1,0,0,0,0,0,0,0%,50,50,50,6,0,0,1,0,0,1,20,1,0,0,0,20,lambeji01
189,Peter Lambert,26,COL,71.1,22,8,2,3,3,1,1,2,6,0.25,2,0,0,0,3,38%,53.9,69,34,11,7,1,5,4.5,6.3,5,79,4,4,0,0,99,lambepe01
190,Dinelson Lamet,30,TOT,27.2,17,4,0,3,1,0,0,1,3,0.25,0,1,0,0,0,0%,,47,20,7,4,0,2,2.5,0.6,3.8,84,1,3,0,0,91,lametdi01
191,Dinelson Lamet,30,COL,25.2,16,4,0,3,1,0,0,1,3,0.25,0,1,0,0,0,0%,33.3,47,20,7,4,0,2,2.5,0.6,3.8,84,1,3,0,0,91,lametdi01
192,Eric Lauer*,28,MIL,42.2,9,8,3,5,0,1,0,3,5,0.375,0,0,0,0,2,25%,43.6,66,23,5,0,0,7,4.4,6,4.7,85,2,6,0,0,94,lauerer01
193,Derek Law,32,CIN,43.2,41,2,0,0,2,0,0,2,0,1,0,0,0,0,0,0%,52.5,54,51,15,1,2,0,5.8,12,1.3,20,2,0,0,0,20,lawde01
194,Dylan Lee*,28,ATL,20.1,20,1,0,0,1,0,0,0,1,0,0,0,0,0,0,0%,60,60,60,7,1,1,0,2,0,2.7,31,1,0,0,0,31,leedy01
195,Matthew Liberatore*,23,STL,50,12,11,2,5,4,1,0,4,7,0.364,1,3,0,0,2,18%,42.6,85,23,11,2,1,9,4.4,3.7,4.5,78,4,6,1,0,101,liberma01
196,Zack Littell,27,TOT,52.2,21,8,2,3,3,1,1,4,4,0.5,0,0,0,0,2,25%,,66,42,6,3,1,4,5.2,4.8,4.4,63,6,2,0,0,82,litteza01
197,Zack Littell,27,TBR,49.2,19,8,2,3,3,1,1,4,4,0.5,0,0,0,0,2,25%,52,66,42,6,3,1,4,5.2,4.8,4.4,63,6,2,0,0,82,litteza01
198,Ben Lively,31,CIN,71,14,12,3,6,3,2,1,5,7,0.417,0,0,0,0,2,17%,46.8,65,-16,10,2,1,5,5.3,4.4,5.5,86,3,7,2,0,104,livelbe01
199,Nick Lodolo*,25,CIN,34.1,7,7,2,1,4,2,0,4,3,0.571,2,2,0,0,1,14%,43.7,81,11,6,0,0,5,4.6,4.5,4.9,92,2,2,3,0,109,lodolni01
200,Sam Long*,27,OAK,42.2,38,1,0,1,0,0,0,0,1,0,0,0,0,0,0,0%,36,36,36,12,7,0,0,3,0,1,31,1,0,0,0,31,longsa01
201,Pablo López,27,MIN,158.2,26,26,9,6,11,3,3,16,10,0.615,3,6,1,1,16,62%,57.1,91,29,10,5,0,18,5.1,4.5,6.1,95,0,18,8,0,106,lopezpa01
202,Michael Lorenzen,31,TOT,131.2,22,22,7,8,7,1,2,10,12,0.455,2,2,1,1,10,45%,54.3,88,18,8,4,0,15,4.5,4.5,6,90,4,15,2,1,124,lorenmi01
203,Michael Lorenzen,31,DET,105.2,18,18,5,7,6,1,2,8,10,0.444,2,1,0,0,8,44%,54.7,75,26,7,4,0,12,4.2,4.2,5.9,89,3,14,1,0,100,lorenmi01
204,Michael Lorenzen,31,PHI,26,4,4,2,1,1,0,0,2,2,0.5,0,1,1,1,2,50%,52.5,88,18,1,0,0,3,6,5.9,6.5,98,1,1,1,1,124,lorenmi01
205,Joey Lucchesi*,30,NYM,28,6,6,2,0,4,1,0,3,3,0.5,1,2,0,0,1,17%,51.7,76,37,4,2,1,5,6.1,4.8,4.7,70,3,3,0,0,97,lucchjo01
206,Seth Lugo,33,SDP,109.1,20,20,5,6,9,0,2,8,12,0.4,3,3,0,0,12,60%,53.5,72,12,6,2,0,12,4.5,3.9,5.5,90,3,13,4,0,109,lugose01
207,Jesús Luzardo*,25,MIA,143.1,26,26,9,8,9,2,0,16,10,0.615,3,2,0,0,13,50%,53.8,81,15,21,7,0,15,4.7,3.9,5.5,93,1,21,4,0,115,luzarje01
208,Jordan Lyles,32,KCR,139.1,24,24,3,14,7,3,1,3,21,0.125,3,3,3,0,3,13%,45.2,69,20,14,10,0,15,4.4,3.7,5.8,91,3,16,5,0,112,lylesjo01
209,Daniel Lynch IV*,26,KCR,52.1,9,9,3,4,2,2,2,4,5,0.444,0,1,0,0,4,44%,49.4,75,36,1,0,0,7,3.7,3.3,5.8,90,3,4,2,0,108,lynchda02
210,Lance Lynn,36,TOT,144.2,25,25,9,9,7,4,1,12,13,0.48,2,3,0,0,9,36%,48.4,85,15,14,7,0,13,4.9,5.2,5.8,100,0,12,13,0,114,lynnla01
211,Lance Lynn,36,CHW,119.2,21,21,6,9,6,3,1,8,13,0.381,2,3,0,0,6,29%,45.2,85,15,14,7,0,11,4.7,5.4,5.7,101,0,8,13,0,114,lynnla01
212,Lance Lynn,36,LAD,25,4,4,3,0,1,1,0,4,0,1,0,0,0,0,3,75%,65.3,71,61,0,0,0,2,6,4,6.3,93,0,4,0,0,96,lynnla01
213,Kenta Maeda,35,MIN,74.2,15,15,3,7,5,1,1,6,9,0.4,3,1,0,0,5,33%,53.5,73,-3,6,2,0,11,4.6,4.6,5,81,3,12,0,0,98,maedake01
214,Tyler Mahle,28,MIN,25.2,5,5,1,2,2,1,0,2,3,0.4,1,0,0,0,1,20%,55.2,67,45,2,0,0,5,4.5,4.8,5.1,84,1,4,0,0,92,mahlety01
215,Sean Manaea*,31,SFG,83.2,30,6,1,2,3,1,0,1,5,0.167,1,3,0,0,1,17%,41,69,25,15,5,1,3,6.1,3.5,3.8,80,3,3,0,0,91,manaese01
216,Matt Manning,25,DET,64.2,12,12,5,4,3,3,0,6,6,0.5,1,1,0,0,2,17%,50.2,76,25,6,3,0,7,4.6,4.3,5.4,83,1,11,0,0,96,mannima02
217,Alek Manoah,25,TOR,87.1,19,19,3,9,7,0,0,8,11,0.421,1,2,0,0,4,21%,44.1,77,12,18,2,0,13,4.6,3.6,4.6,89,1,15,3,0,103,manoaal01
218,Joe Mantiply*,32,ARI,22.1,21,2,0,0,2,0,0,2,0,1,0,0,0,0,0,0%,51.5,53,50,5,4,2,0,5.5,0,0.8,9,2,0,0,0,13,mantijo01
219,Germán Márquez,28,COL,20,4,4,2,2,0,1,0,2,2,0.5,0,0,0,0,1,25%,50,59,40,2,0,0,3,4.4,3.9,5,75,2,2,0,0,95,marquge01
220,Alec Marsh,25,KCR,43.2,10,6,0,5,1,0,1,0,6,0,0,1,0,0,1,17%,43,64,31,7,2,1,3,2.8,2.5,4.5,86,2,4,0,0,97,marshal01
221,Adrián Martinez,26,OAK,34.2,15,1,0,1,0,0,0,0,1,0,0,0,0,0,0,0%,49,49,49,4,0,1,0,0,0,2.3,41,1,0,0,0,41,martiad01
222,Nick Martinez,32,SDP,89,53,6,1,1,4,0,0,3,3,0.5,0,1,0,0,2,33%,54.3,75,39,9,3,2,4,3.5,2.6,5.1,80,2,2,2,0,101,martini01
223,Steven Matz*,32,STL,105,25,17,4,6,7,1,0,8,9,0.471,3,1,0,0,4,24%,50.2,71,16,16,5,1,9,4.1,3.9,5.2,93,1,13,3,0,110,matzst01
224,Dustin May,25,LAD,48,9,9,4,1,4,2,0,6,3,0.667,1,0,0,0,4,44%,58.2,74,34,3,0,0,6,4.7,3.9,5.3,82,2,6,1,0,104,maydu01
225,Mike Mayers,31,KCR,26.1,6,2,0,0,2,0,0,2,0,1,0,1,0,0,0,0%,41,55,27,4,1,0,2,7.7,4.7,4.8,80,1,1,0,0,84,mayermi01
226,James McArthur,26,KCR,7,6,1,0,0,1,0,0,0,1,0,0,1,0,0,0,0%,37,37,37,0,0,1,0,5,0,1,17,1,0,0,0,17,mcartja01
227,Shane McClanahan*,26,TBR,115,21,21,11,2,8,2,0,15,6,0.714,1,2,0,0,12,57%,56.1,72,31,5,1,0,13,6,5.6,5.5,87,4,16,1,0,102,mcclash01
228,Easton McGee,25,SEA,6.2,1,1,0,0,1,0,0,0,1,0,0,0,0,0,1,100%,73,73,73,1,0,0,1,0,0,6.7,64,1,0,0,0,64,mcgeeea01
229,Scott McGough,33,ARI,60.1,55,1,0,0,1,0,0,1,0,1,0,0,0,0,0,0%,56,56,56,13,6,0,0,8,6,2.3,40,1,0,0,0,40,mcgousc01
230,Collin McHugh,36,ATL,54.1,39,1,0,0,1,0,0,0,1,0,0,1,0,0,0,0%,37,37,37,12,0,1,0,5,9,1.7,49,1,0,0,0,49,mchugco01
231,Triston McKenzie,25,CLE,10,2,2,0,1,1,0,0,1,1,0.5,0,0,0,0,0,0%,54.5,74,35,0,0,0,2,3,0.9,5,86,1,1,0,0,92,mckentr01
232,Luis Medina,24,OAK,86,18,13,2,7,4,2,1,3,10,0.231,0,2,0,0,2,15%,46.4,68,18,8,4,0,9,2.8,2.9,4.8,88,2,10,1,0,100,medinlu02
233,Tylor Megill,27,NYM,91,19,19,7,7,5,4,0,8,11,0.421,1,3,0,0,3,16%,42.9,67,11,14,4,0,12,4.6,4.3,4.8,88,4,13,2,0,103,megilty01
234,Miles Mikolas,34,STL,152.1,27,27,6,9,12,0,3,11,16,0.407,5,3,0,0,10,37%,49.1,85,24,14,8,1,13,4.3,3.2,5.6,90,2,19,6,0,109,mikolmi01
235,Wade Miley*,36,MIL,87.2,17,17,6,3,8,2,0,10,7,0.588,2,2,0,0,7,41%,53.6,77,28,3,2,0,15,3.8,2.9,5.2,79,6,11,0,0,95,mileywa01
236,Bobby Miller,24,LAD,81.2,15,15,7,3,5,3,0,10,5,0.667,1,2,0,0,6,40%,53.3,75,18,15,5,0,13,6.1,4.7,5.4,90,2,10,3,0,104,millebo06
237,Bryce Miller,24,SEA,97.2,18,18,8,4,6,2,1,11,7,0.611,1,2,0,0,8,44%,54.8,74,13,9,4,0,11,4,4.4,5.4,83,4,13,1,0,102,millebr04
238,Mason Miller,24,OAK,21.1,4,4,0,2,2,0,1,0,4,0,1,1,0,0,2,50%,57.3,79,41,1,0,0,3,1.8,1.7,5.3,91,0,3,1,0,100,millema03
239,Tommy Milone*,36,SEA,9,2,2,0,1,1,0,0,1,1,0.5,0,0,0,0,0,0%,50,55,45,3,0,0,2,2.6,5,4.5,82,0,2,0,0,82,milonto01
240,Carmen Mlodzinski,24,PIT,23.2,21,1,0,0,1,0,0,1,0,1,0,0,0,0,0,0%,51,51,51,4,4,0,0,4,9,1.3,29,1,0,0,0,29,mlodzca01
241,Sam Moll*,31,TOT,48,55,1,0,0,1,0,0,1,0,1,0,0,0,0,0,0%,,54,54,24,6,1,0,5,27,1,23,1,0,0,0,23,mollsa01
242,Sam Moll*,31,OAK,37.2,45,1,0,0,1,0,0,1,0,1,0,0,0,0,0,0%,54,54,54,19,6,1,0,5,27,1,23,1,0,0,0,23,mollsa01
243,Jordan Montgomery*,30,TOT,147,25,25,8,10,7,1,5,9,16,0.36,4,2,0,0,16,64%,55,79,16,16,3,0,15,4.2,4.2,5.9,91,3,19,3,0,107,montgjo01
244,Jordan Montgomery*,30,STL,121,21,21,6,9,6,1,4,7,14,0.333,3,2,0,0,12,57%,53.3,78,16,14,3,0,12,4.3,4.5,5.8,92,3,15,3,0,107,montgjo01
245,Jordan Montgomery*,30,TEX,26,4,4,2,1,1,0,1,2,2,0.5,1,0,0,0,4,100%,63.8,79,54,2,0,0,3,4,3,6.5,90,0,4,0,0,95,montgjo01
246,Adrián Morejón*,24,SDP,9,8,1,0,0,1,0,0,0,1,0,0,0,0,0,0,0%,54,54,54,6,1,0,0,3,0,3,42,1,0,0,0,42,morejad01
247,Charlie Morton,39,ATL,141.2,25,25,13,10,2,5,3,14,11,0.56,2,1,0,0,11,44%,54.4,83,29,18,3,0,17,5.6,5.9,5.7,97,0,14,11,0,109,mortoch02
248,Kyle Muller*,25,OAK,59.1,13,11,1,4,6,1,0,4,7,0.364,1,3,0,0,0,0%,36.4,57,13,11,5,0,10,4.6,4.4,4.7,87,2,9,0,0,98,mulleky01
249,Joe Musgrove,30,SDP,97.1,17,17,10,3,4,1,1,11,6,0.647,2,1,0,0,11,65%,56.5,77,22,5,2,0,10,6.2,6.2,5.7,91,1,12,4,0,109,musgrjo01
250,Kyle Nelson*,26,ARI,47,57,1,0,0,1,0,0,1,0,1,0,0,0,0,0,0%,57,57,57,25,6,1,0,2.9,0,1.3,18,1,0,0,0,18,nelsoky01
251,Ryne Nelson,25,ARI,125,24,24,6,7,11,2,0,10,14,0.417,5,3,0,0,7,29%,44.9,73,14,10,0,0,11,4.5,5,5.2,85,4,20,0,0,98,nelsory01
252,Aaron Nola,30,PHI,160.1,26,26,11,8,7,3,1,14,12,0.538,3,2,0,0,12,46%,53.3,78,25,15,8,0,15,5.6,5.3,6.2,97,1,13,12,0,108,nolaaa01
253,Bailey Ober,27,MIN,118.2,21,21,6,6,9,1,1,12,9,0.571,1,6,0,0,11,52%,55.3,81,21,3,1,0,16,3.6,2.8,5.7,90,3,16,2,0,104,oberba01
254,Shohei Ohtani,28,LAA,132,23,23,10,5,8,3,2,14,9,0.609,2,3,1,1,12,52%,60.2,90,34,4,2,1,22,4.4,4.2,5.7,91,3,12,8,0,111,ohtansh01
255,Steven Okert*,31,MIA,46,49,1,0,1,0,0,0,0,1,0,0,0,0,0,0,0%,31,31,31,12,2,1,0,4,0,0.3,18,1,0,0,0,18,okertst01
256,Adam Oller,28,OAK,19.2,9,1,0,0,1,0,0,0,1,0,0,1,0,0,0,0%,14,14,14,5,2,0,1,7,12,2.3,81,0,1,0,0,81,ollerad01
257,Reese Olson,23,DET,68,15,12,2,5,5,1,0,6,6,0.5,0,3,0,0,2,17%,46.3,73,24,9,5,0,8,4.5,3.3,4.7,85,3,8,1,0,100,olsonre01
258,Kaleb Ort,31,BOS,23,21,2,0,0,2,0,0,1,1,0.5,0,2,0,0,0,0%,48.5,49,48,0,0,1,1,4.2,0,2.2,28,2,0,0,0,32,ortka01
259,Luis Ortiz,24,PIT,57,12,11,2,4,5,0,0,5,6,0.455,0,5,0,0,2,18%,42.8,67,20,13,1,0,8,3.7,3.4,4.7,80,4,7,0,0,99,ortizlu03
260,Connor Overton,29,CIN,11,3,3,0,1,2,0,0,2,1,0.667,0,1,0,0,0,0%,30.3,35,26,3,2,0,2,5.5,4.3,3.7,67,2,1,0,0,80,overtco01
261,Johan Oviedo,25,PIT,145.1,26,26,7,13,6,1,4,10,16,0.385,3,0,0,0,12,46%,50.9,78,10,20,8,0,13,3.9,4.1,5.6,92,3,18,5,0,107,oviedjo01
262,James Paxton*,34,BOS,90.1,17,17,7,4,6,1,0,7,10,0.412,2,3,0,0,8,47%,53.6,78,19,4,0,0,14,4.8,4.4,5.3,92,3,8,6,0,110,paxtoja01
263,Freddy Peralta,27,MIL,133.2,24,24,10,8,6,1,1,14,10,0.583,4,1,0,0,13,54%,55.4,84,16,8,6,0,19,5.1,4.7,5.6,96,1,17,6,0,109,peralfr01
264,Eury Pérez,20,MIA,68,14,14,5,4,5,3,1,6,8,0.429,1,2,0,0,5,36%,57.1,78,13,4,2,0,9,3.3,2.6,4.9,81,4,10,0,0,93,perezeu02
265,Francisco Pérez*,25,OAK,6.1,5,1,0,1,0,0,0,0,1,0,0,0,0,0,0,0%,34,34,34,2,0,1,0,4,0,1,23,1,0,0,0,23,perezfr01
266,Martín Pérez*,32,TEX,115.1,23,20,8,4,8,4,1,13,7,0.65,4,3,0,0,8,40%,45.8,73,11,13,0,0,14,6.9,6.6,5.4,88,4,14,2,0,104,perezma02
267,David Peterson*,27,NYM,77.1,21,15,2,7,6,1,0,5,10,0.333,0,2,1,0,1,7%,44.7,64,28,10,2,0,10,4.7,4,4.6,85,4,10,1,0,110,peterda01
268,Brandon Pfaadt,24,ARI,61.2,12,12,0,6,6,0,2,5,7,0.417,0,4,0,0,3,25%,45.3,77,19,7,0,0,7,3.3,2.2,5.1,87,1,10,1,0,107,pfaadbr01
269,Nick Pivetta,30,BOS,107.1,31,11,4,4,3,3,1,6,5,0.545,0,0,0,0,2,18%,47.2,66,17,12,5,1,8,4.5,5.4,5.2,94,0,8,3,0,104,pivetni01
270,Zach Plesac,28,CLE,21.1,5,5,1,1,3,1,0,3,2,0.6,0,3,0,0,1,20%,36.6,64,15,4,1,0,5,6.2,3.8,4.3,74,3,2,0,0,91,plesaza01
271,Quinn Priester,22,PIT,28.2,6,6,2,2,2,2,0,3,3,0.5,0,1,0,0,0,0%,34.8,45,26,5,2,0,3,5.1,6.8,4.8,87,1,4,1,0,102,priesqu01
272,Austin Pruitt,33,OAK,48.1,38,6,0,2,4,0,0,2,4,0.333,0,1,0,0,0,0%,46.5,60,31,11,4,6,0,4.8,3.6,1.6,28,6,0,0,0,35,pruitau01
273,Cal Quantrill,28,CLE,67,13,13,2,6,5,0,0,6,7,0.462,1,4,0,0,5,38%,41.2,76,16,9,1,0,9,3.4,2.1,5.2,90,2,9,2,0,107,quantca01
274,José Quintana*,34,NYM,41,7,7,1,5,1,0,3,1,6,0.143,0,1,0,0,5,71%,51.4,61,32,7,5,0,5,1.8,1,5.9,93,1,4,2,0,104,quintjo01
275,Cole Ragans*,25,TOT,59,23,6,3,1,2,0,0,3,3,0.5,1,0,0,0,4,67%,,79,42,7,5,0,3,3.4,4.1,5.8,96,0,4,2,0,106,raganco01
276,Cole Ragans*,25,KCR,34.2,6,6,3,1,2,0,0,3,3,0.5,1,0,0,0,4,67%,60.5,79,42,0,0,0,3,3.4,4.1,5.8,96,0,4,2,0,106,raganco01
277,Erasmo Ramírez,33,TOT,45.1,30,2,0,0,2,0,0,2,0,1,0,1,0,0,0,0%,,51,32,11,4,2,0,9,11.6,3.2,53,2,0,0,0,58,ramirer02
278,Erasmo Ramírez,33,TBR,18.1,7,2,0,0,2,0,0,2,0,1,0,1,0,0,0,0%,41.5,51,32,2,1,2,0,9,11.6,3.2,53,2,0,0,0,58,ramirer02
279,Drew Rasmussen,27,TBR,44.2,8,8,4,2,2,1,0,4,4,0.5,1,1,0,0,3,38%,58.5,83,27,6,3,0,4,6,6,5.6,84,3,5,0,0,97,rasmudr01
280,Robbie Ray*,31,SEA,3.1,1,1,0,1,0,0,0,0,1,0,0,0,0,0,0,0%,34,34,34,1,0,0,1,4,9,3.3,91,0,1,0,0,91,rayro02
281,Colin Rea,32,MIL,100.1,20,19,5,5,9,3,1,11,8,0.579,3,4,0,0,4,21%,49.1,68,21,8,2,1,13,4.7,5.6,5.2,84,4,15,0,0,93,reaco01
282,Denyi Reyes,26,NYM,12,7,2,0,2,0,0,0,0,2,0,0,0,0,0,0,0%,25.5,28,23,4,0,0,2,5.5,1.6,2.8,73,1,0,1,0,109,reyesde02
283,Trevor Richards,30,TOR,56.1,42,3,0,1,2,0,0,1,2,0.333,0,0,0,0,0,0%,55.3,63,42,27,6,1,1,4.2,7.2,3,53,3,0,0,0,65,richatr01
284,Lyon Richardson,23,CIN,7.1,2,2,0,1,1,0,0,1,1,0.5,0,0,0,0,0,0%,38.5,43,34,2,2,0,2,5,6.8,3.7,73,2,0,0,0,79,richaly01
285,Carlos Rodón*,30,NYY,33,7,7,1,4,2,1,0,1,6,0.143,0,1,0,0,1,14%,45.3,58,29,2,0,0,5,2.6,2,4.7,79,3,4,0,0,97,rodonca01
286,Eduardo Rodriguez*,30,DET,113,19,19,9,6,4,2,0,10,9,0.526,3,1,0,0,10,53%,57.8,86,30,10,2,0,14,3.4,3.3,5.9,95,1,14,4,0,105,rodried05
287,Grayson Rodriguez,23,BAL,87,17,17,3,3,11,2,0,10,7,0.588,3,1,0,0,4,24%,47.9,72,10,12,9,0,11,5,5.6,5.1,91,2,14,1,0,101,rodrigr01
288,Yerry Rodríguez,25,TEX,13.2,13,1,0,1,0,0,0,0,1,0,0,0,0,0,0,0%,46,46,46,3,2,1,0,3,0,2,44,1,0,0,0,44,rodriye01
289,Trevor Rogers*,25,MIA,18,4,4,1,2,1,0,0,1,3,0.25,0,1,0,0,1,25%,51.3,64,43,4,1,0,3,2.4,2.8,4.5,83,1,3,0,0,96,rogertr01
290,Drew Rom*,23,STL,3.2,1,1,0,1,0,0,0,0,1,0,0,0,0,0,0,0%,17,17,17,0,0,0,1,1,0,3.7,90,0,1,0,0,90,romdr01
291,Drew Rucinski,34,OAK,18,4,4,0,4,0,0,0,0,4,0,0,0,0,0,0,0%,29,31,24,6,0,0,3,4.3,3.9,4.5,88,1,3,0,0,95,rucindr01
292,José Ruiz,28,TOT,44.1,38,1,0,0,1,0,0,0,1,0,0,1,0,0,0,0%,,34,34,7,3,1,0,3,0,1.7,28,1,0,0,0,28,ruizjo01
293,José Ruiz,28,ARI,40.2,34,1,0,0,1,0,0,0,1,0,0,1,0,0,0,0%,34,34,34,5,1,1,0,3,0,1.7,28,1,0,0,0,28,ruizjo01
294,Joe Ryan,27,MIN,126,22,22,9,8,5,3,2,12,10,0.545,3,2,1,1,12,55%,54.2,90,19,8,3,0,15,5.7,5.3,5.7,94,0,15,7,0,112,ryanjo04
295,Hyun Jin Ryu*,36,TOR,19,4,4,2,1,1,2,0,3,1,0.75,0,0,0,0,0,0%,54.8,63,35,0,0,0,4,6.9,9.2,4.8,75,1,3,0,0,86,ryuhy01
296,Chris Sale*,34,BOS,73,14,14,5,3,6,2,0,10,4,0.714,1,3,0,0,5,36%,52.9,80,21,5,3,0,12,6.1,4.9,5.2,83,6,6,2,0,111,salech01
297,Cristopher Sánchez*,26,PHI,64.1,12,12,1,3,8,0,1,6,6,0.5,1,4,0,0,5,42%,54.9,69,37,3,2,0,10,4.8,3.3,5.4,81,7,4,1,0,107,sanchcr01
298,Patrick Sandoval*,26,LAA,117,22,22,6,10,6,3,2,7,15,0.318,2,0,0,0,7,32%,49.4,74,25,21,7,0,20,4.5,5.2,5.3,94,1,15,6,0,105,sandopa02
299,Max Scherzer,38,TOT,131.1,23,23,12,5,6,3,0,15,8,0.652,2,2,0,0,12,52%,56.1,85,22,6,1,0,16,5.1,4.8,5.7,93,3,10,10,0,107,scherma01
300,Max Scherzer,38,NYM,107.2,19,19,9,4,6,3,0,12,7,0.632,2,2,0,0,9,47%,54.7,78,22,5,1,0,13,4.8,4.5,5.7,92,3,8,8,0,107,scherma01
301,Max Scherzer,38,TEX,23.2,4,4,3,1,0,0,0,3,1,0.75,0,0,0,0,3,75%,63,85,43,1,0,0,3,6.6,6.3,5.9,98,0,2,2,0,105,scherma01
302,Clarke Schmidt,27,NYY,123,26,25,8,7,10,6,1,11,14,0.44,2,5,0,0,3,12%,48.6,69,8,20,5,0,14,4.5,4.7,4.9,84,8,17,0,0,97,schmicl01
303,Jesse Scholtens,29,CHW,65,21,7,0,3,4,0,2,1,6,0.143,0,2,0,0,3,43%,45.4,67,26,6,1,1,3,3.4,3.5,5.1,84,2,5,0,0,97,scholje01
304,John Schreiber,29,BOS,29,30,2,0,0,2,0,0,1,1,0.5,0,1,0,0,0,0%,48,52,44,5,2,1,1,5.8,0,1,21,2,0,0,0,24,schrejo01
305,Tayler Scott,31,TOT,17.2,18,2,0,0,2,0,0,1,1,0.5,0,1,0,0,0,0%,,53,47,13,6,1,0,2.6,0,1,13,2,0,0,0,14,scottta02
306,Tayler Scott,31,TOT,11.2,12,2,0,0,2,0,0,1,1,0.5,0,1,0,0,0,0%,50,53,47,7,1,1,0,2.6,0,1,13,2,0,0,0,14,scottta02
307,Tayler Scott,31,BOS,3.2,4,1,0,0,1,0,0,1,0,1,0,1,0,0,0,0%,47,47,47,3,0,0,0,4.5,0,1,14,1,0,0,0,14,scottta02
308,Tayler Scott,31,OAK,8,8,1,0,0,1,0,0,0,1,0,0,0,0,0,0,0%,53,53,53,4,1,1,0,1,0,1,12,1,0,0,0,12,scottta02
309,Connor Seabold,27,COL,82.1,25,13,1,7,5,1,0,4,9,0.308,2,1,0,0,2,15%,39.6,62,5,13,5,0,7,4.8,4.1,4.5,80,6,7,0,0,93,seaboco01
310,JP Sears*,27,OAK,134.2,25,25,2,10,13,2,1,6,19,0.24,4,4,0,0,7,28%,50.9,72,18,12,5,0,17,3,3.3,5.4,91,3,18,4,0,112,searsjp01
311,Kodai Senga,30,NYM,129.2,23,23,10,6,7,2,0,14,9,0.609,0,4,0,0,11,48%,57,84,34,7,2,0,20,4.7,4.4,5.6,95,2,12,9,0,107,sengako01
312,Antonio Senzatela,28,COL,7.2,2,2,0,1,1,0,0,1,1,0.5,0,1,0,0,0,0%,48.5,59,38,0,0,0,1,2,0,3.8,60,2,0,0,0,69,senzaan01
313,Luis Severino,29,NYY,74.1,16,15,3,7,5,1,0,6,9,0.4,2,0,0,0,4,27%,39.7,72,7,11,5,0,11,3.8,4.1,4.8,88,2,11,2,0,104,severlu01
314,Emmet Sheehan,23,LAD,38.1,8,7,3,1,3,2,0,4,3,0.571,2,1,0,0,2,29%,47.3,73,12,3,1,0,6,6,7.7,4.9,87,0,7,0,0,94,sheehem01
315,Jared Shuster*,24,ATL,45,9,9,4,2,3,3,0,5,4,0.556,1,0,0,0,1,11%,46.4,72,32,13,3,0,5,4.7,6.3,5,81,4,5,0,0,93,shustja01
316,Chase Silseth,23,LAA,45,14,6,3,1,2,3,0,4,2,0.667,0,1,0,0,1,17%,54.7,72,32,7,3,0,6,4.2,5.3,4.9,82,2,3,1,0,100,silsech01
317,Brady Singer,26,KCR,139.1,25,25,8,9,8,3,0,12,13,0.48,3,3,0,0,9,36%,48.3,80,18,14,6,0,15,4.9,4.8,5.6,92,3,17,5,0,108,singebr01
318,Tarik Skubal*,26,DET,44.1,9,9,3,2,4,2,0,3,6,0.333,0,1,0,0,1,11%,52.8,72,20,4,1,0,7,4.2,3.6,4.9,78,4,5,0,0,94,skubata01
319,Devin Smeltzer*,27,MIA,18.2,8,1,0,0,1,0,0,1,0,1,0,0,0,0,0,0%,54,54,54,0,0,1,0,6,4.5,4,65,1,0,0,0,65,smeltde01
320,AJ Smith-Shawver,20,ATL,21.2,5,4,1,0,3,1,0,3,1,0.75,1,0,0,0,0,0%,47,58,34,3,1,0,3,7.9,8.5,4.8,88,1,3,0,0,99,smithaj01
321,Drew Smyly*,34,CHC,124.1,27,22,7,9,6,4,1,10,12,0.455,3,4,0,0,5,23%,46.4,87,16,19,5,1,9,5.7,5.5,5.2,87,3,17,2,0,103,smylydr01
322,Blake Snell*,30,SDP,142,26,26,10,9,7,2,3,12,14,0.462,4,3,0,0,14,54%,58.8,79,31,7,3,0,17,4.2,4.2,5.5,98,0,13,13,0,109,snellbl01
323,George Soriano,24,MIA,37,16,1,0,0,1,0,0,0,1,0,0,0,0,0,0,0%,42,42,42,3,1,0,1,8,11.3,3,59,1,0,0,0,59,soriage01
324,Michael Soroka,25,ATL,29.1,6,5,2,1,2,1,0,4,1,0.8,0,1,0,0,1,20%,45.6,55,25,4,0,0,3,8.2,8.7,5.3,89,0,5,0,0,99,sorokmi01
325,Jeffrey Springs*,30,TBR,16,3,3,2,0,1,0,0,3,0,1,0,0,0,0,2,67%,72,83,58,0,0,0,2,9.4,6.2,5.3,69,1,2,0,0,89,sprinje01
326,Josh Staumont,29,KCR,20,21,1,0,0,1,0,0,1,0,1,0,0,0,0,0,0%,55,55,55,2,2,1,0,7,0,1,14,1,0,0,0,14,staumjo01
327,Justin Steele*,27,CHC,138,24,24,14,3,7,3,1,17,7,0.708,2,1,0,0,17,71%,55.9,73,23,7,2,0,12,6.4,6,5.8,88,3,16,5,0,110,steelju01
328,Gavin Stone,24,LAD,12,4,3,0,0,3,0,0,2,1,0.667,0,2,0,0,0,0%,22,28,11,2,1,0,3,9.6,8.2,3.3,71,3,0,0,0,79,stonega01
329,Levi Stoudt,25,CIN,10.1,4,2,0,1,1,0,0,0,2,0,0,1,0,0,0,0%,28,38,18,3,0,0,2,3,0,3.5,78,1,1,0,0,84,stoudle01
330,Matt Strahm*,31,PHI,75.1,42,9,2,3,4,2,0,4,5,0.444,0,1,0,0,0,0%,52.8,69,36,11,6,3,2,4.1,4.1,3.6,56,8,1,0,0,82,strahma01
331,Spencer Strider,24,ATL,146.1,25,25,14,4,7,2,2,20,5,0.8,3,3,0,0,15,60%,59.8,91,20,10,5,0,18,6.4,5.1,5.9,98,1,11,13,0,110,stridsp01
332,Ross Stripling,33,SFG,78.1,19,11,0,4,7,0,2,3,8,0.273,0,2,0,0,2,18%,47.8,65,34,9,3,1,5,3.2,2.5,4.5,70,8,3,0,0,95,stripro01
333,Marcus Stroman,32,CHC,128.2,23,23,10,8,5,0,2,12,11,0.522,0,2,1,1,15,65%,53.3,92,16,12,5,0,9,4.3,4.1,5.6,89,3,18,2,0,105,stromma01
334,José Suarez*,25,LAA,24.1,6,6,1,2,3,1,0,2,4,0.333,0,1,0,0,0,0%,33.8,66,18,4,3,0,6,5.2,5.4,4.1,78,4,2,0,0,80,suarejo01
335,Ranger Suárez*,27,PHI,97.1,17,17,2,6,9,0,2,9,8,0.529,4,3,0,0,9,53%,51.4,74,31,12,3,0,10,4.3,3.7,5.7,92,2,11,4,0,105,suarera01
336,Noah Syndergaard,30,TOT,82.2,17,17,2,6,9,2,2,6,11,0.353,1,4,0,0,4,24%,43,66,18,9,2,0,11,5,4.7,4.9,77,8,9,0,0,97,syndeno01
337,Noah Syndergaard,30,LAD,55.1,12,12,1,4,7,1,2,4,8,0.333,0,3,0,0,3,25%,41.6,66,18,2,0,0,8,5.2,5.5,4.6,74,7,5,0,0,96,syndeno01
338,Noah Syndergaard,30,CLE,27.1,5,5,1,2,2,1,0,2,3,0.4,1,1,0,0,1,20%,46.4,58,26,7,2,0,3,4.4,3.2,5.5,86,1,4,0,0,97,syndeno01
339,Jameson Taillon,31,CHC,115.2,23,23,7,8,8,3,1,9,14,0.391,1,4,0,0,5,22%,46.3,82,11,19,9,0,11,4.6,4.2,5,85,6,14,3,0,109,taillja01
340,Freddy Tarnok,24,OAK,14.2,5,1,0,0,1,0,0,0,1,0,0,1,0,0,0,0%,43,43,43,5,1,0,1,3,0,2.7,49,1,0,0,0,49,tarnofr01
341,Josh Taylor*,30,KCR,17.2,17,1,0,1,0,0,0,0,1,0,0,0,0,0,0,0%,50,50,50,6,1,0,1,1,0,1,25,1,0,0,0,25,taylojo02
342,Julio Teheran,32,MIL,62.2,11,11,2,5,4,0,1,3,8,0.273,2,2,0,0,5,45%,50.1,67,13,2,1,0,7,2.8,2,5.7,85,2,9,0,0,98,teherju01
343,Zack Thompson*,25,STL,35,19,3,1,2,0,1,0,1,2,0.333,0,0,0,0,0,0%,54.3,61,51,11,6,1,1,2.3,3.2,4.7,77,1,2,0,0,90,thompza02
344,Touki Toussaint,27,TOT,54.1,13,9,1,6,2,1,0,3,6,0.333,0,0,0,0,0,0%,44.9,64,19,8,1,1,5,2.7,3,4.6,92,0,7,2,0,107,toussto01
345,Touki Toussaint,27,CLE,3.2,1,1,0,1,0,0,0,0,1,0,0,0,0,0,0,0%,44,44,44,3,0,0,1,1,2.3,3.7,82,0,1,0,0,82,toussto01
346,Touki Toussaint,27,CHW,50.2,12,8,1,5,2,1,0,3,5,0.375,0,0,0,0,0,0%,45,64,19,5,1,1,4,2.9,3.1,4.8,93,0,6,2,0,107,toussto01
347,Spencer Turnbull,30,DET,31,7,7,1,4,2,1,0,3,4,0.429,0,1,0,0,0,0%,40.3,56,13,3,3,0,5,3.2,3.5,4.4,79,3,4,0,0,92,turnbsp01
348,José Ureña,31,COL,18.1,5,5,0,4,1,0,0,0,5,0,0,1,0,0,0,0%,32.8,50,22,7,0,0,3,3.8,4.5,3.7,73,5,0,0,0,77,urenajo01
349,Julio Urías*,26,LAD,106.1,19,19,11,6,2,1,0,13,6,0.684,0,2,0,0,11,58%,54,80,19,5,0,0,10,5.9,5,5.6,88,4,12,3,0,104,uriasju01
350,José Urquidy,28,HOU,42.2,10,9,2,3,4,1,0,4,5,0.444,1,1,0,0,1,11%,44.4,67,21,12,4,0,7,4.3,4.5,4.5,83,2,6,1,0,100,urquijo01
351,Framber Valdez*,29,HOU,154.2,24,24,9,9,6,1,5,13,11,0.542,2,1,2,2,15,63%,57,93,20,5,3,0,20,4.2,4,6.4,96,0,18,6,0,109,valdefr01
352,Louie Varland,25,MIN,56,10,10,3,3,4,1,1,4,6,0.4,0,1,0,0,5,50%,48.2,73,23,7,4,0,7,5.1,5.1,5.6,92,0,9,1,0,100,varlalo01
353,Randy Vásquez,24,NYY,22.1,5,4,1,2,1,1,0,1,3,0.25,1,0,0,0,0,0%,56.3,67,48,7,0,0,3,1.8,1.5,4.7,76,2,2,0,0,86,vasqura02
354,Vince Velasquez,31,PIT,37.1,8,8,4,4,0,0,0,4,4,0.5,0,0,0,0,4,50%,52.4,81,23,2,0,0,4,4.6,5.1,4.7,81,3,4,1,0,100,velasvi01
355,Justin Verlander,40,TOT,118.1,20,20,9,6,5,2,2,11,9,0.55,1,1,0,0,11,55%,55.8,78,26,1,0,0,15,4.8,4.2,5.9,97,2,10,8,0,117,verlaju01
356,Justin Verlander,40,NYM,94.1,16,16,6,5,5,1,1,8,8,0.5,1,1,0,0,8,50%,56.4,78,26,1,0,0,12,4,3.4,5.9,98,2,6,8,0,117,verlaju01
357,Justin Verlander,40,HOU,24,4,4,3,1,0,1,1,3,1,0.75,0,0,0,0,3,75%,53.3,70,31,0,0,0,3,8.2,7.5,6,96,0,4,0,0,97,verlaju01
358,Alex Vesia*,27,LAD,35.2,42,1,0,0,1,0,0,1,0,1,0,0,0,0,0,0%,53,53,53,20,5,1,0,11.3,0,1,15,1,0,0,0,15,vesiaal01
359,Will Vest,28,DET,32.2,32,3,0,0,3,0,0,2,1,0.667,0,0,0,0,0,0%,51.3,55,48,16,5,3,0,6,3,0.9,12,3,0,0,0,13,vestwi01
360,Michael Wacha,31,SDP,96,17,17,10,2,5,4,0,12,5,0.706,2,1,0,0,9,53%,57.9,85,15,6,1,0,15,5.7,5.6,5.6,91,1,13,3,0,103,wachami01
361,Adam Wainwright,41,STL,77.1,17,17,3,9,5,2,1,5,12,0.294,3,2,0,0,2,12%,33.4,52,3,14,6,0,12,4.6,4.4,4.5,82,7,8,2,0,106,wainwad01
362,Ken Waldichuk*,25,OAK,110,29,18,1,4,13,1,0,7,11,0.389,5,4,0,0,2,11%,44.1,59,11,26,12,2,11,4.4,5,4.6,83,4,11,3,0,114,waldike01
363,Matt Waldron,26,SDP,9.2,2,2,0,2,0,0,0,0,2,0,0,0,0,0,0,0%,44,49,39,1,0,0,2,2,3,4.8,79,1,1,0,0,96,waldrma01
364,Ryan Walker,27,SFG,46.1,34,10,0,1,9,0,0,7,3,0.7,0,2,0,0,0,0%,51.5,59,44,11,1,9,1,4.3,3.9,1.6,30,10,0,0,0,45,walkery01
365,Taijuan Walker,30,PHI,136.2,25,25,13,5,7,4,0,18,7,0.72,1,5,0,0,10,40%,52.2,78,15,16,4,1,13,4.8,4.3,5.5,89,4,15,6,0,105,walketa01
366,Spenser Watkins,30,OAK,4.1,1,1,0,1,0,0,0,0,1,0,0,0,0,0,0,0%,31,31,31,2,0,0,1,2,0,4.3,90,0,1,0,0,90,watkisp01
367,Ryan Weathers*,23,TOT,51.2,14,11,1,7,3,1,1,4,7,0.364,1,1,0,0,1,9%,40.5,58,19,8,2,0,9,3.4,2.9,4.2,77,3,8,0,0,96,weathry01
368,Ryan Weathers*,23,SDP,44.2,12,10,1,6,3,1,1,4,6,0.4,1,1,0,0,1,10%,41.7,58,19,5,2,0,8,3.5,3.2,4.3,77,3,7,0,0,96,weathry01
369,Ryan Weathers*,23,MIA,7,2,1,0,1,0,0,0,0,1,0,0,0,0,0,0,0%,29,29,29,3,0,0,1,2,0,3.3,83,0,1,0,0,83,weathry01
370,Luke Weaver,29,TOT,99,22,21,2,4,15,2,1,12,9,0.571,0,8,0,0,2,10%,,72,23,25,7,0,10,5.6,5,4.6,85,6,14,1,0,106,weavelu01
371,Luke Weaver,29,CIN,97,21,21,2,4,15,2,1,12,9,0.571,0,8,0,0,2,10%,41.3,72,23,25,7,0,10,5.6,5,4.6,85,6,14,1,0,106,weavelu01
372,Logan Webb,26,SFG,169,26,26,9,9,8,0,4,13,13,0.5,2,2,1,1,18,69%,57.3,83,21,7,3,0,14,3.4,3.1,6.5,96,1,14,11,0,107,webblo01
373,Tyler Wells,28,BAL,113.2,21,20,7,6,7,3,2,11,9,0.55,2,3,0,0,8,40%,54.9,81,24,8,1,0,12,4.2,3.9,5.4,90,3,14,3,0,102,wellsty01
374,Joey Wentz*,25,DET,84.1,19,17,1,10,6,1,1,5,12,0.294,3,2,0,0,1,6%,40.4,68,8,18,5,0,11,3.3,2.5,4.4,82,6,9,2,0,107,wentzjo01
375,Hayden Wesneski,25,CHC,72.2,22,11,2,3,6,1,0,5,6,0.455,0,5,0,0,3,27%,46.6,70,14,12,5,0,6,5.4,3.2,4.5,73,7,4,0,0,94,wesneha01
376,Zack Wheeler,33,PHI,151,25,25,9,6,10,2,2,15,10,0.6,4,4,0,0,16,64%,56.3,87,19,8,4,0,17,5.2,4.4,6,100,0,11,14,0,111,wheelza01
377,Brendan White,24,DET,33.2,27,1,0,0,1,0,0,1,0,1,0,0,0,0,0,0%,52,52,52,5,1,1,0,3.6,0,1.3,26,1,0,0,0,26,whitebr01
378,Garrett Whitlock,27,BOS,58.2,14,10,4,3,3,1,0,6,4,0.6,0,3,0,0,3,30%,47.7,70,25,6,1,0,7,3.8,2.6,5.2,83,1,9,0,0,99,whitlga01
379,Gavin Williams,23,CLE,64,12,12,1,5,6,1,0,5,7,0.417,1,0,0,0,2,17%,53.8,86,26,5,1,0,9,4,2.9,5.3,90,0,12,0,0,96,williga01
380,Trevor Williams,31,WSN,123.2,25,25,6,7,12,4,1,13,12,0.52,2,8,0,0,4,16%,46,69,26,15,6,0,13,4.5,3.6,4.9,88,3,19,3,0,110,willitr01
381,Brandon Williamson*,25,CIN,92.2,18,18,4,3,11,2,0,10,8,0.556,2,3,0,0,5,28%,51.1,73,30,15,7,0,10,4.5,4.5,5.1,84,6,11,1,0,101,willibr02
382,Allan Winans,27,ATL,15.2,3,3,1,1,1,0,0,1,2,0.333,0,0,0,0,1,33%,48.3,76,20,3,1,0,3,9.3,10.1,5.2,92,1,1,1,0,111,winanal01
383,Josh Winckowski,25,BOS,67.2,47,1,0,0,1,0,0,1,0,1,0,0,0,0,0,0%,54,54,54,9,1,1,0,6,9,1,21,1,0,0,0,21,winckjo01
384,Keaton Winn,25,SFG,22,5,2,0,2,0,0,1,0,2,0,0,0,0,0,1,50%,49.5,60,39,2,2,0,0,0.5,0,5,67,2,0,0,0,67,winnke01
385,Jackson Wolf*,24,SDP,5,1,1,1,0,0,1,0,1,0,1,0,0,0,0,0,0%,43,43,43,0,0,0,1,14,18,5,75,1,0,0,0,75,wolfja01
386,Bryan Woo,23,SEA,59,12,12,1,3,8,1,0,6,6,0.5,1,3,0,0,3,25%,51,66,19,6,1,0,8,4.7,5.6,4.9,80,4,8,0,0,93,woobr01
387,Alex Wood*,32,SFG,74,22,11,2,3,6,2,0,7,4,0.636,0,0,0,0,0,0%,45.3,65,24,19,6,1,5,7.5,8.6,4.1,72,9,2,0,0,94,woodal02
388,Jake Woodford,26,STL,39.2,12,6,1,2,3,1,0,2,4,0.333,0,2,0,0,0,0%,42.5,56,25,7,1,0,3,5,4.3,4.7,88,0,6,0,0,95,woodfja01
389,Brandon Woodruff,30,MIL,28,5,5,2,1,2,1,0,4,1,0.8,0,1,0,0,2,40%,60,69,48,3,1,0,5,4.1,2.5,5.6,89,0,5,0,0,97,woodrbr01
390,Kyle Wright,27,ATL,18.2,5,5,0,1,4,0,0,3,2,0.6,1,1,0,0,0,0%,44.4,60,32,5,2,0,3,6.8,6.1,3.7,73,3,2,0,0,95,wrighky01
391,Ryan Yarbrough*,31,TOT,66.1,19,7,4,3,0,1,0,4,3,0.571,0,0,0,0,3,43%,,64,33,11,5,0,4,3.7,4.3,5.4,80,4,3,0,0,99,yarbrry01
392,Ryan Yarbrough*,31,KCR,51,14,7,4,3,0,1,0,4,3,0.571,0,0,0,0,3,43%,53.4,64,33,10,5,0,4,3.7,4.3,5.4,80,4,3,0,0,99,yarbrry01
393,Rob Zastryzny*,31,PIT,18,19,1,0,0,1,0,0,0,1,0,0,1,0,0,0,0%,46,46,46,15,7,0,1,3.6,0,1,25,1,0,0,0,25,zastrro01
394,Angel Zerpa*,23,KCR,16.1,6,2,0,1,1,0,0,0,2,0,0,1,0,0,0,0%,44,52,36,0,0,0,1,4,2.6,3.5,73,1,1,0,0,84,zerpaan01