Name,PrimaryPos,AB,Z_R,Z_HR,Z_RBI,Z_SB,Z_BB,Z_AVG,Z_SLG,Score,$
Ronald Acuna Jr.,OF,505,5.183,3.519,3.255,7.237,3.823,7.503,5.438,5.136857142857144,17.93
Shohei Ohtani*,DH,467,4.516,5.604,3.865,2.121,4.37,3.942,6.404,4.403142857142858,15.37
Mookie Betts,OF,468,4.772,4.301,4.017,1.248,4.066,5.99,5.961,4.336428571428571,15.14
Freddie Freeman*,1B,500,4.567,2.606,3.662,2.121,3.035,5.671,4.988,3.8071428571428574,13.29
Matt Olson*,1B,474,4.259,5.213,4.832,0.125,4.613,2.131,5.168,3.7630000000000003,13.14
Kyle Tucker*,OF,458,3.079,3.128,4.323,2.995,3.399,5.115,4.121,3.7371428571428575,13.05
Corbin Carroll*,OF,440,3.951,2.737,2.746,4.741,2.488,4.343,3.833,3.548428571428571,12.39
Julio Rodríguez,OF,519,3.284,2.607,3.56,4.242,2.063,4.559,3.007,3.3317142857142863,11.63
Christian Yelich*,OF,476,3.9,1.955,2.899,3.369,3.459,4.858,2.791,3.318714285714286,11.59
Bobby Witt,SS,514,3.027,3.258,3.713,4.617,1.154,3.201,4.216,3.3122857142857147,11.56
Adolis García,OF,468,4.054,3.91,4.221,0.998,2.913,3.211,3.797,3.3005714285714283,11.52
Juan Soto*,OF,448,2.874,2.998,3.356,0.749,6.13,3.52,3.323,3.2785714285714285,11.44
Luis Robert Jr.,OF,464,3.438,4.301,3.0,1.996,1.335,3.828,4.865,3.251857142857143,11.35
Corey Seager*,SS,336,2.617,2.998,3.509,0.249,1.943,4.94,5.844,3.1571428571428575,11.02
Cody Bellinger*,OF,363,3.079,2.476,2.949,2.121,1.517,5.733,4.171,3.1494285714285715,10.99
Marcus Semien,2B,528,4.311,2.606,3.713,1.622,3.096,3.17,2.755,3.039,10.61
Austin Riley,3B,502,4.054,3.779,3.306,0.374,2.367,3.437,3.751,3.009714285714286,10.51
Lane Thomas,OF,503,3.746,2.476,3.0,1.872,1.578,4.878,3.269,2.9741428571428563,10.38
Randy Arozarena,OF,447,3.438,2.476,3.204,1.872,3.581,3.653,2.349,2.939,10.26
José Ramírez#,3B,475,3.079,2.476,2.848,2.495,3.095,3.417,3.138,2.9354285714285715,10.25
Rafael Devers*,3B,464,3.079,3.779,3.866,0.249,2.488,3.087,3.977,2.9321428571428574,10.24
Francisco Lindor#,SS,474,3.489,2.867,3.56,2.745,2.671,1.873,3.31,2.9307142857142856,10.23
Ozzie Albies#,2B,457,3.182,3.649,4.221,1.372,1.821,2.439,3.612,2.8994285714285715,10.12
Aaron Judge,OF,255,2.258,3.519,2.288,0.374,3.156,3.901,4.739,2.8907142857142856,10.09
Fernando Tatis Jr.,OF,445,2.976,2.476,2.848,2.87,2.124,3.602,2.881,2.8252857142857146,9.86
Kyle Schwarber*,OF,461,3.438,4.301,3.611,0.0,5.644,0.0,2.489,2.7832857142857144,9.72
Wander Franco#,SS,442,2.617,2.085,2.543,3.743,2.003,3.005,3.332,2.761142857142857,9.64
Ha-Seong Kim,2B,422,3.028,2.215,2.136,3.494,3.156,2.933,2.2,2.737428571428572,9.56
Christian Walker,1B,464,2.72,3.258,3.611,0.998,2.731,2.182,3.644,2.7348571428571424,9.55
Nolan Arenado,3B,474,2.463,3.388,3.815,0.249,1.82,3.653,3.742,2.732857142857143,9.54
Josh Lowe*,OF,359,2.155,2.085,2.949,3.119,1.092,4.292,3.346,2.7197142857142858,9.49
Alex Bregman,3B,493,3.387,2.606,3.611,0.374,4.127,2.439,2.119,2.6661428571428574,9.31
Pete Alonso,1B,441,2.976,4.691,4.171,0.499,2.61,0.0,3.585,2.6474285714285712,9.24
Nick Castellanos,OF,501,2.72,2.607,3.458,0.873,1.274,4.415,3.08,2.6324285714285716,9.19
Ketel Marte#,2B,462,3.387,2.606,2.848,0.749,2.853,2.82,2.84,2.5861428571428573,9.03
Anthony Santander#,OF,452,2.617,2.998,3.0,0.374,2.549,3.211,3.292,2.5772857142857144,9.0
Yandy Díaz,1B,429,3.181,1.694,2.645,0.0,2.61,4.632,3.049,2.5444285714285715,8.88
Isaac Paredes,3B,381,2.412,3.388,3.459,0.125,2.367,2.356,3.526,2.5190000000000006,8.79
Chas McCormick,OF,300,1.796,2.346,2.288,1.747,1.699,4.178,3.567,2.517285714285714,8.79
Justin Turner,DH,440,3.335,2.476,3.407,0.499,2.246,3.098,2.544,2.515,8.78
Paul Goldschmidt,1B,486,2.976,2.215,2.696,1.248,3.642,2.635,2.187,2.5141428571428572,8.78
Brandon Nimmo*,OF,468,3.028,2.216,2.085,0.374,3.52,3.828,2.489,2.505714285714286,8.75
Jeimer Candelario#,3B,437,2.976,2.346,2.492,0.998,2.427,2.964,3.318,2.503,8.74
Bryan Reynolds#,OF,450,2.72,2.216,2.644,1.123,2.124,3.777,2.877,2.497285714285714,8.72
Nico Hoerner,2B,496,3.182,1.173,2.797,4.118,1.821,3.067,1.109,2.466714285714286,8.61
Masataka Yoshida*,OF,441,2.566,1.564,2.644,0.998,1.517,5.146,2.823,2.4654285714285713,8.61
Ian Happ#,OF,449,2.72,1.695,2.492,1.372,4.612,2.573,1.677,2.448714285714286,8.55
Ryan McMahon*,3B,453,3.028,2.737,2.696,0.624,3.156,2.14,2.701,2.4402857142857144,8.52
Adley Rutschman#,C,470,3.078,1.955,2.695,0.125,3.945,3.335,1.839,2.4245714285714284,8.46
Bryson Stott*,2B,465,2.617,1.564,2.238,2.995,1.578,3.869,2.105,2.423714285714286,8.46
Jorge Soler,DH,449,3.028,4.171,2.695,0.125,3.035,0.813,2.959,2.403714285714286,8.39
Max Muncy*,3B,361,2.976,3.779,3.306,0.125,3.884,0.0,2.647,2.388142857142857,8.34
Bo Bichette,SS,472,2.052,2.216,2.695,0.374,0.668,4.91,3.797,2.3874285714285715,8.33
Gunnar Henderson*,3B,415,3.028,2.737,2.543,0.873,2.549,1.996,2.971,2.3852857142857142,8.33
TJ Friedl*,OF,381,2.155,1.304,1.881,2.995,1.578,4.23,2.43,2.3675714285714284,8.26
James Outman*,OF,373,2.72,1.825,2.237,1.747,2.792,3.098,2.133,2.3645714285714283,8.25
Josh Jung,3B,427,2.976,2.867,2.798,0.125,1.396,3.118,3.237,2.3595714285714284,8.24
Gleyber Torres,2B,477,2.771,2.606,2.289,1.497,2.55,2.531,2.146,2.3414285714285716,8.17
Jake Fraley*,OF,289,1.437,1.825,2.695,2.495,1.699,3.53,2.692,2.3389999999999995,8.17
Manny Machado,3B,432,2.617,3.128,3.154,0.374,2.367,2.068,2.647,2.3364285714285713,8.16
Luis Arraez*,2B,476,2.053,0.652,2.594,0.125,1.578,6.782,2.439,2.3175714285714286,8.09
Matt McLain,SS,351,2.514,1.825,2.034,1.622,1.336,3.211,3.666,2.3154285714285714,8.08
Lars Nootbaar*,OF,329,2.463,1.434,1.475,0.998,2.974,4.24,2.561,2.306428571428572,8.05
Nathaniel Lowe*,1B,494,3.181,1.564,2.747,0.0,3.763,2.738,2.129,2.303142857142857,8.04
Marcell Ozuna,DH,397,2.72,3.519,2.645,0.0,2.246,1.852,3.049,2.2901428571428575,7.99
Jarren Duran*,OF,332,1.745,0.913,1.525,2.995,1.153,4.683,3.003,2.2881428571428573,7.99
George Springer,OF,477,2.72,1.825,2.085,1.996,2.367,3.386,1.506,2.269285714285714,7.92
Will Smith,C,362,2.873,1.955,2.848,0.249,2.792,2.841,2.268,2.260857142857143,7.89
Spencer Steer,1B,458,2.155,1.955,2.899,1.372,2.853,2.234,2.314,2.2545714285714284,7.87
Sean Murphy,C,310,2.514,2.476,2.899,0.0,2.064,2.748,3.08,2.2544285714285714,7.87
Eddie Rosario*,OF,372,2.104,2.476,2.695,0.249,1.335,3.643,3.233,2.2478571428571428,7.85
Alex Verdugo*,OF,445,3.028,1.173,1.983,0.499,2.185,4.425,2.43,2.246142857142857,7.84
Steven Kwan*,OF,507,3.335,0.522,1.678,1.996,2.852,4.158,1.118,2.237,7.81
Whit Merrifield,2B,453,2.361,1.434,2.543,2.87,1.336,3.571,1.524,2.234142857142857,7.8
Teoscar Hernández,OF,491,2.155,2.346,3.0,0.749,1.456,3.54,2.367,2.2304285714285714,7.79
Yordan Alvarez*,DH,291,2.463,2.607,2.695,0.0,2.367,2.233,3.035,2.2,7.68
Mike Trout,OF,308,2.155,2.216,1.729,0.249,2.427,3.551,3.053,2.197142857142857,7.67
Kerry Carpenter*,OF,285,1.539,2.476,2.237,0.0,1.153,4.25,3.715,2.1957142857142857,7.66
Lourdes Gurriel Jr.,OF,429,2.001,2.346,2.848,0.499,1.274,3.499,2.872,2.1912857142857143,7.65
Nolan Gorman*,2B,357,1.899,3.128,3.052,0.749,2.307,1.327,2.759,2.174428571428572,7.59
Jake Burger,3B,369,2.104,3.519,2.594,0.125,1.335,1.749,3.621,2.1495714285714285,7.5
Michael Harris II*,OF,362,2.155,1.304,1.475,2.121,1.153,4.312,2.475,2.142142857142857,7.48
Tommy Pham,OF,303,1.386,1.564,2.085,1.872,1.699,3.581,2.787,2.1391428571428572,7.47
CJ Abrams*,SS,433,2.463,1.695,2.085,4.118,0.668,1.698,2.196,2.1318571428571427,7.44
Jack Suwinski*,OF,336,1.796,2.607,2.237,0.998,3.399,1.492,2.385,2.1305714285714283,7.44
Dansby Swanson,SS,432,2.411,2.346,2.848,0.624,2.671,1.523,2.485,2.1297142857142854,7.43
Austin Hays,OF,416,2.36,1.434,2.085,0.374,1.456,4.456,2.669,2.119142857142857,7.4
Trea Turner,SS,519,2.976,1.825,2.085,2.745,1.7,1.626,1.867,2.1177142857142854,7.39
J.D. Martinez,DH,351,2.053,3.128,3.204,0.125,1.336,1.605,3.292,2.1061428571428573,7.35
Jose Siri,OF,292,1.95,2.998,2.136,1.123,0.728,2.429,3.314,2.096857142857143,7.32
William Contreras,C,403,2.719,1.564,2.543,0.125,2.246,3.118,2.164,2.0684285714285715,7.22
Jeimer Candelario#,3B,368,2.309,2.085,2.086,0.749,1.881,2.387,2.917,2.059142857142857,7.19
Bryce Harper*,DH,348,2.566,1.434,1.627,0.873,2.732,3.118,2.039,2.0555714285714286,7.18
Michael Conforto*,OF,370,2.207,1.825,2.288,0.499,2.549,3.18,1.831,2.0541428571428573,7.17
Brandon Marsh*,OF,321,1.591,0.913,1.729,0.873,2.306,4.25,2.624,2.040857142857143,7.12
Riley Greene*,OF,349,1.899,1.304,1.169,0.749,1.638,4.755,2.768,2.0402857142857145,7.12
Cedric Mullins*,OF,297,1.232,1.304,2.288,1.872,1.82,3.221,2.448,2.0264285714285717,7.07
Vladimir Guerrero Jr.,1B,478,2.155,1.955,3.052,0.499,2.61,2.131,1.755,2.0224285714285712,7.06
Seiya Suzuki,OF,385,2.104,1.564,1.729,0.624,2.306,3.612,2.218,2.0224285714285712,7.06
Josh Naylor*,1B,360,1.334,1.564,3.357,0.749,1.032,3.335,2.783,2.0220000000000002,7.06
Cal Raleigh#,C,388,2.77,2.998,2.746,0.0,2.185,1.039,2.408,2.020857142857143,7.05
Bryan De La Cruz,OF,463,1.847,1.955,2.695,0.374,1.82,3.334,2.042,2.0095714285714283,7.02
Leody Taveras#,OF,402,2.104,1.434,2.39,1.372,1.092,3.479,2.124,1.9992857142857148,6.98
Matt Chapman,3B,447,2.514,1.955,1.882,0.374,3.095,1.986,2.137,1.9918571428571428,6.95
Taylor Ward,OF,356,2.463,1.695,1.881,0.499,2.063,3.232,2.097,1.9900000000000002,6.95
Spencer Torkelson,1B,472,2.72,2.606,2.797,0.374,2.853,0.433,1.958,1.9630000000000003,6.85
Nolan Jones*,OF,241,1.18,1.564,1.475,0.998,1.456,3.952,3.111,1.9622857142857144,6.85
Xander Bogaerts,SS,464,2.206,1.695,1.831,1.622,2.368,2.234,1.74,1.9565714285714286,6.83
Eugenio Suárez,3B,470,2.001,2.346,3.459,0.249,3.095,1.286,1.249,1.955,6.82
J.T. Realmuto,C,392,2.463,1.825,2.136,1.497,1.396,2.069,2.241,1.9467142857142856,6.8
Andrew Benintendi*,OF,451,2.566,0.391,1.373,1.622,2.245,4.374,1.055,1.9465714285714282,6.8
Jonathan India,2B,394,2.823,1.825,2.289,1.497,2.003,1.698,1.47,1.9435714285714287,6.78
Jonah Heim#,C,352,2.206,1.695,3.153,0.249,1.457,2.686,2.142,1.941142857142857,6.78
J.P. Crawford*,SS,396,2.719,1.173,1.577,0.125,3.885,2.038,1.907,1.9177142857142857,6.69
Jarred Kelenic*,OF,326,1.591,1.304,1.78,1.497,1.699,3.19,2.349,1.9157142857142857,6.69
Ezequiel Duran,SS,351,1.898,1.695,1.831,0.998,0.789,3.005,3.08,1.8994285714285712,6.63
Hunter Renfroe,OF,442,2.104,2.216,2.136,0.0,1.82,2.748,2.263,1.8981428571428574,6.63
Max Kepler*,OF,329,1.95,2.476,1.932,0.0,1.335,2.799,2.787,1.897,6.62
Alec Bohm,1B,432,2.206,1.303,3.255,0.499,1.578,2.707,1.547,1.8707142857142856,6.53
Jose Altuve,2B,223,1.745,1.173,1.119,1.622,1.7,3.159,2.561,1.8684285714285715,6.52
Daulton Varsho*,OF,427,2.053,1.955,1.881,1.872,1.881,1.904,1.42,1.852285714285714,6.47
Ezequiel Tovar,SS,445,2.514,1.695,2.492,0.873,0.729,2.11,2.462,1.839285714285714,6.42
Willson Contreras,C,365,1.847,1.564,2.187,0.749,2.307,2.357,1.853,1.8377142857142856,6.42
Michael A. Taylor,OF,312,1.488,2.346,1.678,1.497,0.849,2.418,2.525,1.8287142857142857,6.38
Triston Casas*,1B,363,2.053,2.215,1.831,0.0,3.035,1.307,2.318,1.8227142857142857,6.36
Esteury Ruiz,OF,378,1.283,0.131,1.373,6.114,0.607,2.871,0.369,1.821142857142857,6.36
Trent Grisham*,OF,390,2.258,1.434,1.525,1.497,3.338,1.43,1.222,1.8148571428571427,6.34
Geraldo Perdomo#,SS,323,2.052,0.652,1.627,1.622,2.428,2.295,1.988,1.8091428571428572,6.32
Adam Duvall,OF,223,1.129,1.695,1.678,0.499,0.789,3.499,3.364,1.8075714285714284,6.31
Thairo Estrada,2B,357,1.95,1.303,1.628,2.371,0.668,2.768,1.902,1.7985714285714285,6.28
Will Benson*,OF,206,1.334,0.782,0.508,1.747,1.699,3.736,2.737,1.791857142857143,6.26
Connor Joe,OF,318,2.053,1.043,1.169,0.374,2.124,3.293,2.412,1.7811428571428571,6.22
Andrew McCutchen,DH,362,2.155,1.434,1.17,1.248,3.824,1.626,1.006,1.7804285714285712,6.22
Jake Burger,3B,294,1.642,3.258,2.035,0.125,1.031,1.018,3.332,1.7772857142857146,6.2
Wilmer Flores,1B,303,1.437,1.955,1.679,0.0,1.214,2.965,3.189,1.777,6.2
Tommy Pham,OF,231,0.872,1.173,1.322,1.372,1.456,3.602,2.624,1.7744285714285717,6.19
Anthony Volpe,SS,420,1.796,2.085,2.187,2.495,2.064,0.082,1.677,1.7694285714285714,6.18
Mike Tauchman*,OF,247,1.796,0.782,1.627,0.624,2.003,3.592,1.912,1.762285714285714,6.15
Luke Raley*,1B,305,1.899,1.955,1.628,1.497,1.032,1.472,2.837,1.7599999999999998,6.14
Orlando Arcia,SS,368,1.95,1.695,1.983,0.125,1.336,2.666,2.53,1.7550000000000001,6.13
Joey Meneses,DH,484,2.514,1.304,2.797,0.0,1.639,2.892,1.123,1.7527142857142854,6.12
Ryan Mountcastle,1B,360,2.104,1.824,2.441,0.374,1.214,1.997,2.287,1.7487142857142857,6.1
Brent Rooker,DH,359,1.899,2.737,2.034,0.249,1.882,1.194,2.192,1.741,6.08
Christopher Morel,DH,297,2.104,2.346,2.289,0.499,1.336,1.358,2.242,1.739142857142857,6.07
MJ Melendez*,OF,445,2.053,1.434,1.729,0.749,2.306,2.367,1.483,1.731571428571429,6.04
Yainer Diaz,C,286,1.539,2.216,1.933,0.0,0.061,3.17,3.174,1.7275714285714285,6.03
Elly De La Cruz#,SS,274,1.796,1.304,1.271,2.62,0.668,1.709,2.692,1.7228571428571429,6.01
Willy Adames,SS,435,2.052,2.607,2.645,0.499,2.368,0.0,1.84,1.7158571428571427,5.99
Willi Castro#,OF,278,1.539,0.522,0.813,3.618,1.153,2.892,1.461,1.714,5.98
Brandon Drury,2B,351,1.591,2.346,2.492,0.0,0.607,2.202,2.741,1.711285714285714,5.97
Chris Taylor,OF,256,1.386,1.564,1.424,1.497,1.517,2.429,2.101,1.7025714285714284,5.94
Mickey Moniak*,OF,266,0.975,1.434,1.475,0.749,0.242,4.024,2.994,1.699,5.93
Maikel Garcia,3B,346,1.642,0.521,1.577,2.371,1.274,3.272,1.217,1.6962857142857144,5.92
J.D. Davis,3B,395,1.796,1.955,2.289,0.125,2.245,1.79,1.591,1.6844285714285712,5.88
Elias Díaz,C,389,1.539,1.564,2.594,0.125,1.396,2.861,1.709,1.6839999999999997,5.88
Randal Grichuk,OF,240,1.437,0.913,0.864,0.249,0.789,4.6,2.904,1.6794285714285715,5.86
Stone Garrett,OF,234,1.437,1.043,1.525,0.374,1.274,3.623,2.475,1.6787142857142856,5.86
Andrés Giménez*,2B,435,2.207,1.434,1.933,2.62,1.336,1.255,0.96,1.677857142857143,5.86
Salvador Perez,C,439,2.206,2.346,2.492,0.0,0.729,2.182,1.754,1.6727142857142856,5.84
Carlos Santana#,1B,436,2.155,1.955,2.696,0.749,2.61,0.237,1.29,1.6702857142857144,5.83
Randal Grichuk,OF,320,1.642,1.304,1.22,0.249,0.971,3.756,2.507,1.664142857142857,5.81
Jazz Chisholm Jr.*,OF,234,0.975,1.434,0.915,2.121,0.728,3.108,2.34,1.6601428571428571,5.8
Brandon Belt*,DH,301,1.899,1.825,1.119,0.0,3.035,1.564,2.079,1.645857142857143,5.75
Josh Bell#,DH,423,1.642,2.216,2.289,0.0,2.792,1.173,1.38,1.641714285714286,5.73
Tommy Edman#,SS,357,2.104,1.304,1.526,2.121,1.032,1.307,2.061,1.6364285714285713,5.71
Brendan Donovan*,2B,327,1.796,1.434,1.373,0.624,1.639,2.82,1.709,1.627857142857143,5.68
Kevin Kiermaier*,OF,285,1.539,0.652,1.017,1.372,1.031,3.736,2.047,1.6277142857142857,5.68
Jesús Sánchez*,OF,267,0.975,1.173,1.525,0.374,1.153,3.592,2.57,1.6231428571428572,5.67
Jason Heyward*,OF,239,1.693,1.304,0.966,0.249,1.578,3.077,2.426,1.6132857142857144,5.63
Joey Gallo*,OF,266,1.283,2.476,1.424,0.0,2.427,1.245,2.408,1.609,5.62
Travis Jankowski*,OF,220,1.078,0.0,0.966,2.121,1.578,3.983,1.524,1.6071428571428572,5.61
Keibert Ruiz#,C,403,1.744,1.825,2.187,0.125,1.336,2.398,1.578,1.599,5.58
Joey Wiemer,OF,344,1.693,1.564,1.525,1.372,1.76,1.801,1.375,1.5842857142857143,5.53
Jordan Walker,OF,303,1.078,1.304,1.271,0.749,1.274,3.376,2.02,1.5817142857142856,5.52
LaMonte Wade Jr.*,1B,351,1.899,1.303,1.119,0.249,3.581,1.513,1.376,1.577142857142857,5.51
Carlos Correa,SS,436,1.693,1.825,2.441,0.0,2.428,0.7,1.867,1.564857142857143,5.46
Amed Rosario,SS,450,2.36,0.652,2.238,1.248,0.911,2.079,1.465,1.564714285714286,5.46
Adam Frazier*,2B,338,1.95,1.694,2.238,0.998,1.214,1.307,1.546,1.5638571428571428,5.46
Jeremy Peña,SS,450,2.411,1.173,1.78,1.248,1.518,1.565,1.24,1.5621428571428573,5.45
Brandon Lowe*,2B,294,1.54,2.085,2.136,0.749,2.003,0.699,1.704,1.5594285714285714,5.44
Andrew Vaughn,1B,441,1.95,1.694,2.594,0.0,1.457,1.544,1.646,1.5549999999999997,5.43
Patrick Wisdom,3B,233,1.386,2.606,1.424,0.499,1.396,0.844,2.687,1.5488571428571427,5.41
Harrison Bader,OF,273,1.437,0.782,1.373,1.996,0.485,3.129,1.601,1.5432857142857144,5.39
Mark Canha,OF,319,1.232,0.782,1.475,0.873,2.124,2.861,1.447,1.542,5.38
Ke'Bryan Hayes,3B,368,1.539,1.173,1.73,1.123,0.91,2.387,1.925,1.5410000000000001,5.38
Mike Yastrzemski*,OF,253,1.591,1.304,1.119,0.125,1.456,2.717,2.295,1.5152857142857143,5.29
Harold Ramírez,DH,315,1.796,1.043,1.678,0.499,0.789,3.159,1.633,1.5138571428571426,5.28
Francisco Alvarez,C,310,1.847,2.607,1.933,0.0,1.214,0.998,1.997,1.5137142857142858,5.28
Jurickson Profar#,OF,414,2.001,0.913,1.475,0.125,2.427,2.552,1.037,1.504285714285714,5.25
David Peralta*,OF,310,1.232,0.782,1.831,0.374,0.667,3.808,1.754,1.4925714285714284,5.21
Jeff McNeil*,2B,470,2.361,0.782,2.034,0.873,1.7,2.408,0.252,1.487142857142857,5.19
Edouard Julien*,2B,237,1.335,1.303,0.763,0.374,1.76,2.583,2.245,1.4804285714285714,5.17
Isiah Kiner-Falefa,OF,277,1.283,0.652,1.271,1.248,1.274,3.232,1.344,1.472,5.14
Luis Rengifo#,2B,344,1.796,1.434,1.678,0.624,2.064,1.358,1.339,1.4704285714285714,5.13
Matt Vierling,OF,368,1.488,0.782,1.017,0.624,1.456,3.643,1.28,1.47,5.13
Starling Marte,OF,315,1.334,0.522,0.915,2.995,0.667,3.067,0.712,1.4588571428571429,5.09
Robbie Grossman#,OF,286,1.745,0.913,1.424,0.0,1.82,2.583,1.668,1.4504285714285714,5.06
Ryan Jeffers,C,209,1.282,1.173,1.017,0.374,1.154,2.799,2.34,1.4484285714285714,5.06
Jake McCarthy*,OF,257,1.078,0.131,0.203,3.244,1.274,3.026,1.046,1.4288571428571426,4.99
Taylor Walls#,3B,242,1.539,0.912,0.763,2.495,1.881,1.132,1.253,1.425,4.97
Byron Buxton,DH,304,2.053,2.085,1.373,1.123,1.76,0.041,1.525,1.422857142857143,4.97
Jake Meyers,OF,286,1.437,1.043,1.119,0.624,1.274,2.686,1.713,1.413714285714286,4.94
Carlos Santana#,1B,345,1.539,1.173,2.035,0.749,2.306,0.741,1.353,1.4137142857142855,4.94
Corey Julks,OF,295,1.18,0.652,1.119,1.872,1.031,2.861,1.136,1.4072857142857143,4.91
Tyler Stephenson,C,384,2.206,1.173,1.78,0.0,2.246,1.76,0.635,1.4,4.89
Yan Gomes,C,291,1.539,1.043,1.882,0.125,0.547,2.83,1.817,1.3975714285714285,4.88
Ryan Noda*,1B,285,1.591,1.043,1.272,0.374,3.338,0.752,1.412,1.3974285714285715,4.88
Zach McKinstry*,3B,368,1.745,0.912,0.865,1.872,1.881,1.667,0.798,1.3914285714285715,4.86
Eloy Jiménez,DH,336,1.386,1.695,1.831,0.0,0.971,2.202,1.637,1.388857142857143,4.85
Mark Canha,OF,257,0.821,0.652,0.966,0.873,1.638,3.026,1.632,1.3725714285714286,4.79
Joc Pederson*,DH,270,1.847,1.434,1.424,0.0,2.307,1.132,1.358,1.3574285714285714,4.74
Ty France,1B,471,2.72,0.912,1.933,0.125,1.639,1.482,0.672,1.3547142857142858,4.73
Danny Jansen,C,253,1.334,1.825,2.136,0.0,0.789,1.348,2.042,1.3534285714285714,4.72
Mauricio Dubón,2B,390,2.515,0.782,1.322,0.749,0.607,2.429,1.005,1.344142857142857,4.69
Akil Baddoo*,OF,245,0.975,0.913,0.864,0.998,1.638,2.511,1.501,1.342857142857143,4.69
JJ Bleday*,OF,241,1.129,1.173,0.864,0.624,2.003,1.996,1.578,1.338142857142857,4.67
Alek Thomas*,OF,263,1.386,0.782,0.661,0.873,0.546,3.077,2.015,1.3342857142857143,4.66
Paul DeJong,SS,284,1.283,1.695,1.424,0.499,0.729,1.348,2.322,1.3285714285714285,4.64
Amed Rosario,SS,385,1.898,0.261,1.627,1.123,0.789,2.223,1.348,1.324142857142857,4.62
Jorge Mateo,SS,277,1.693,0.782,1.221,3.244,0.486,0.504,1.33,1.3228571428571427,4.62
José Caballero,2B,200,1.027,0.391,0.865,3.119,1.336,1.492,0.969,1.314142857142857,4.59
Connor Wong,C,298,2.103,0.913,1.17,0.624,0.729,2.038,1.546,1.3032857142857142,4.55
Edward Olivares,OF,284,1.283,0.652,0.508,1.123,0.667,3.046,1.84,1.3027142857142857,4.55
Gary Sánchez,C,204,1.18,1.955,1.627,0.0,0.85,1.286,2.209,1.301,4.54
Drew Waters#,OF,219,0.975,0.782,0.763,1.248,0.849,2.676,1.812,1.3007142857142857,4.54
Stuart Fairchild,OF,201,0.924,0.522,0.864,1.123,1.092,2.727,1.794,1.2922857142857145,4.51
Zack Gelof,2B,136,0.565,1.303,0.61,0.998,0.365,2.326,2.858,1.2892857142857144,4.5
Gary Sánchez,C,210,1.18,1.955,1.678,0.0,0.85,1.225,2.137,1.2892857142857144,4.5
Seth Brown*,OF,258,0.616,1.304,1.627,0.249,1.092,2.274,1.84,1.286,4.49
Myles Straw,OF,388,1.745,0.0,0.712,1.872,1.942,2.717,0.0,1.284,4.48
Aaron Hicks#,OF,203,1.129,0.782,0.763,0.374,1.335,2.882,1.713,1.2825714285714287,4.48
Jon Berti,SS,320,1.539,0.261,0.865,1.622,0.486,2.676,1.456,1.272142857142857,4.44
Luis García*,2B,378,1.694,0.782,1.78,0.998,0.911,2.017,0.694,1.2680000000000002,4.43
Alex Call,OF,341,1.437,0.782,1.271,1.123,2.488,1.461,0.306,1.266857142857143,4.42
Will Brennan*,OF,343,1.026,0.522,1.169,1.248,0.364,3.365,1.123,1.2595714285714286,4.4
Ryan O'Hearn*,1B,240,0.872,0.912,1.373,0.499,0.364,2.44,2.314,1.2534285714285716,4.38
Jake Bauers*,OF,209,0.667,1.304,0.813,0.374,1.214,2.213,2.187,1.2531428571428571,4.37
Alec Burleson*,OF,266,0.975,0.913,0.966,0.0,0.849,3.098,1.957,1.2511428571428573,4.37
Jake Cronenworth*,1B,455,2.001,0.912,1.78,0.749,2.367,0.258,0.614,1.2401428571428572,4.33
Aaron Hicks#,OF,134,0.667,0.652,0.508,0.374,0.91,3.334,2.214,1.237,4.32
Shea Langeliers,C,361,1.693,1.825,1.882,0.249,1.336,0.504,1.163,1.236,4.31
Jake Rogers,C,256,1.488,1.825,1.475,0.0,1.154,0.957,1.713,1.2302857142857142,4.29
Nick Senzel,3B,244,1.283,1.303,1.323,0.624,1.153,1.389,1.488,1.2232857142857143,4.27
Paul DeJong,SS,279,1.231,1.564,1.221,0.499,0.729,1.163,2.146,1.221857142857143,4.27
Blake Sabol*,C,268,1.334,1.304,1.475,0.249,0.789,1.986,1.398,1.219285714285714,4.26
Mike Moustakas*,1B,283,1.385,1.173,1.526,0.0,0.91,1.729,1.809,1.2188571428571429,4.25
Manuel Margot,OF,257,1.078,0.261,1.017,0.998,0.728,3.129,1.316,1.2181428571428572,4.25
Enrique Hernández,SS,378,1.796,0.913,1.933,0.374,1.154,1.173,1.168,1.2158571428571427,4.24
Charlie Blackmon*,DH,243,1.796,0.782,0.814,0.0,1.214,2.141,1.736,1.211857142857143,4.23
DJ LeMahieu,3B,376,1.334,1.173,0.967,0.0,2.245,1.667,1.05,1.205142857142857,4.21
Kris Bryant,OF,243,0.77,0.913,0.661,0.0,1.274,3.18,1.628,1.2037142857142857,4.2
Giancarlo Stanton,DH,279,1.283,2.346,1.627,0.0,1.457,0.072,1.592,1.1967142857142858,4.18
Rob Refsnyder,OF,171,0.667,0.0,0.813,0.873,1.517,3.201,1.285,1.1937142857142857,4.17
Brenton Doyle,OF,287,1.232,0.913,0.966,2.121,0.849,1.42,0.748,1.1784285714285712,4.11
Freddy Fermin,C,186,0.769,1.043,1.119,0.0,0.243,2.779,2.236,1.169857142857143,4.08
Trevor Larnach*,OF,162,0.565,0.652,1.119,0.125,1.153,2.604,1.952,1.167142857142857,4.07
Brian Anderson,3B,312,1.283,1.173,1.424,0.0,1.881,1.266,1.14,1.1667142857142856,4.07
Garrett Cooper,1B,337,0.924,1.434,1.78,0.0,0.91,1.462,1.642,1.1645714285714284,4.07
Ji Hwan Bae*,2B,233,1.386,0.261,0.763,2.62,1.093,1.451,0.563,1.1624285714285716,4.06
Andrew Knizner,C,170,1.026,1.173,1.017,0.125,0.243,2.367,2.178,1.1612857142857143,4.05
Tyler O'Neill,OF,185,0.565,0.782,0.305,0.374,1.153,2.933,2.011,1.1604285714285716,4.05
Gabriel Moreno,C,255,0.769,0.522,1.424,0.499,0.607,2.943,1.33,1.1562857142857141,4.04
Javier Báez,SS,430,1.95,0.913,2.289,1.372,0.607,0.443,0.451,1.1464285714285716,4.0
Ramón Urías,3B,295,1.232,0.521,1.272,0.374,0.971,2.223,1.375,1.1382857142857143,3.97
Owen Miller,2B,288,0.821,0.652,1.017,1.622,0.607,2.089,1.095,1.129,3.94
Brice Turang*,2B,311,1.078,0.782,1.119,2.121,1.518,0.874,0.387,1.1255714285714284,3.93
Paul DeJong,SS,328,1.334,1.695,1.475,0.499,0.729,0.515,1.623,1.124285714285714,3.92
Jace Peterson*,3B,317,0.975,0.782,0.967,1.622,2.245,0.936,0.279,1.1151428571428572,3.89
Jace Peterson*,3B,281,0.924,0.782,0.814,1.372,1.881,1.245,0.694,1.1017142857142859,3.85
Mitch Garver,DH,187,0.821,1.173,0.915,0.0,1.093,1.842,1.854,1.0997142857142856,3.84
Evan Longoria,3B,166,0.616,1.434,0.611,0.0,0.728,1.862,2.43,1.0972857142857142,3.83
Travis d'Arnaud,C,196,0.923,1.043,1.119,0.0,0.607,2.11,1.862,1.0948571428571428,3.82
Anthony Rizzo*,1B,373,1.539,1.173,1.424,0.0,1.699,1.04,0.776,1.0929999999999997,3.82
Kyle Isbel*,OF,233,0.975,0.391,0.712,0.749,0.242,2.923,1.637,1.089857142857143,3.8
Josh Bell#,DH,347,0.872,1.304,1.678,0.0,2.246,0.782,0.708,1.0842857142857143,3.79
Ramón Laureano,OF,265,0.821,0.652,0.712,1.123,0.971,2.099,1.208,1.0837142857142859,3.78
Josh Rojas*,3B,240,1.232,0.261,1.119,1.123,0.971,1.904,0.933,1.0775714285714286,3.76
Dylan Carlson#,OF,219,0.77,0.522,0.864,0.374,1.274,2.47,1.226,1.0714285714285716,3.74
Matt Thaiss*,C,247,1.231,0.913,1.119,0.249,1.76,1.4,0.802,1.0677142857142858,3.73
Nick Madrigal,3B,206,0.872,0.261,0.56,1.123,0.242,2.789,1.578,1.0607142857142857,3.7
Patrick Bailey#,C,250,0.821,0.652,1.577,0.125,0.607,2.254,1.379,1.0592857142857142,3.7
Elvis Andrus,2B,301,0.975,0.652,1.424,1.372,0.971,1.338,0.671,1.0575714285714286,3.69
Ramón Laureano,OF,225,0.616,0.652,0.559,0.998,0.728,2.316,1.519,1.0554285714285714,3.68
Tom Murphy,C,145,0.615,0.913,0.458,0.0,0.243,2.707,2.426,1.0517142857142858,3.67
Zach Neto,SS,224,0.872,0.913,1.119,0.624,0.183,1.462,2.155,1.0468571428571427,3.65
Daniel Vogelbach*,DH,241,1.026,1.304,1.322,0.0,1.943,0.751,0.965,1.0444285714285715,3.65
Garrett Cooper,1B,305,0.667,1.303,1.679,0.0,0.607,1.472,1.574,1.0431428571428571,3.64
Kevin Newman,3B,225,0.821,0.391,0.814,0.998,0.728,2.192,1.352,1.0422857142857143,3.64
C.J. Cron,1B,254,1.18,1.173,1.221,0.0,0.607,1.359,1.732,1.038857142857143,3.63
Gavin Sheets*,OF,234,0.411,1.043,1.017,0.0,1.031,2.285,1.438,1.032142857142857,3.6
Kyle Farmer,2B,255,1.232,1.043,1.068,0.125,0.607,1.708,1.411,1.0277142857142858,3.59
Michael Massey*,2B,332,0.77,1.303,1.831,0.749,0.85,0.844,0.802,1.0212857142857141,3.57
Raimel Tapia*,OF,139,0.616,0.261,0.152,0.998,0.607,2.892,1.578,1.014857142857143,3.54
Jorge Polanco#,2B,201,0.36,1.043,1.119,0.374,0.911,1.564,1.713,1.012,3.53
Yasmani Grandal#,C,328,1.231,0.913,1.221,0.0,1.578,1.564,0.527,1.004857142857143,3.51
Edmundo Sosa,3B,219,0.821,1.043,0.611,0.249,0.0,2.243,2.051,1.0025714285714284,3.5
Miguel Vargas,2B,256,1.181,0.912,1.272,0.374,1.943,0.236,1.073,0.9987142857142857,3.49
Billy McKinney*,OF,128,0.359,0.652,0.203,0.125,0.728,2.871,2.011,0.9927142857142858,3.47
Pablo Reyes,SS,133,0.564,0.131,0.508,0.624,0.0,2.697,2.354,0.9825714285714285,3.43
Emmanuel Rivera,3B,221,1.026,0.521,0.611,0.125,0.607,2.501,1.474,0.9807142857142858,3.42
Henry Davis,OF,183,0.616,0.522,0.406,0.374,1.031,2.48,1.416,0.977857142857143,3.41
Andy Ibáñez,2B,266,1.027,1.173,0.966,0.0,0.304,1.626,1.74,0.9765714285714286,3.41
Garrett Hampson,OF,139,0.565,0.0,0.101,0.374,0.425,3.509,1.849,0.9747142857142858,3.4
Tyrone Taylor,OF,138,0.308,0.522,0.406,0.749,0.0,2.82,2.002,0.9724285714285713,3.39
Christian Bethancourt,C,264,1.744,0.913,0.966,0.0,0.425,1.575,1.159,0.9688571428571429,3.38
Tony Kemp*,2B,299,1.181,0.521,0.865,1.497,1.7,0.669,0.347,0.9685714285714285,3.38
Kevin Pillar,OF,144,0.411,0.652,0.508,0.374,0.06,2.768,1.979,0.9645714285714285,3.37
C.J. Cron,1B,208,0.821,1.043,0.967,0.0,0.364,1.524,2.021,0.9628571428571427,3.36
Oswaldo Cabrera#,OF,206,0.821,0.391,0.661,0.873,0.667,2.295,1.023,0.9615714285714285,3.36
Gio Urshela,3B,214,0.513,0.261,0.611,0.374,0.303,3.19,1.47,0.9602857142857142,3.35
Dominic Smith*,1B,430,1.488,0.391,1.068,0.125,1.76,1.832,0.055,0.9598571428571427,3.35
Mike Moustakas*,3B,168,0.462,1.043,0.712,0.0,0.0,2.326,2.164,0.958142857142857,3.34
Donovan Solano,1B,304,0.872,0.13,0.661,0.0,1.639,2.213,1.186,0.9572857142857144,3.34
Cavan Biggio*,2B,198,1.129,1.043,0.916,0.499,0.85,1.029,1.231,0.9567142857142856,3.34
Andruw Monasterio,3B,183,0.77,0.391,0.255,0.624,0.971,2.254,1.429,0.9562857142857144,3.34
Alex Kirilloff*,1B,226,0.462,0.652,0.967,0.0,1.093,1.771,1.723,0.9525714285714286,3.33
José Abreu,1B,428,1.437,0.912,2.238,0.0,1.457,0.546,0.0,0.9414285714285714,3.29
Mitch Haniger,OF,148,0.411,0.391,0.61,0.125,0.242,2.871,1.767,0.9167142857142857,3.2
Alejandro Kirk,C,283,0.821,0.652,1.119,0.0,1.396,1.904,0.523,0.9164285714285713,3.2
Joshua Palacios*,OF,164,0.205,0.652,0.763,0.249,0.121,2.449,1.821,0.8942857142857142,3.12
Brett Baty*,3B,278,1.078,0.912,0.763,0.249,1.335,1.121,0.798,0.8937142857142858,3.12
Kyle Higashioka,C,205,0.667,0.913,1.17,0.0,0.365,1.667,1.375,0.8795714285714286,3.07
Eduardo Escobar#,3B,217,0.872,0.652,0.712,0.249,0.607,1.677,1.325,0.8705714285714287,3.04
Luis Matos,OF,166,0.359,0.131,0.0,0.374,0.546,3.118,1.515,0.8632857142857143,3.01
Mike Ford*,DH,158,0.719,1.434,0.559,0.0,0.547,0.957,1.777,0.8561428571428572,2.99
Anthony Rendon,3B,148,0.565,0.261,0.509,0.249,1.214,1.924,1.24,0.8517142857142856,2.97
Oscar Colás*,OF,198,0.718,0.261,0.254,0.499,0.364,2.707,1.132,0.8478571428571428,2.96
Victor Caratini#,C,159,0.667,0.652,0.559,0.125,0.729,1.935,1.258,0.8464285714285714,2.95
Enrique Hernández,SS,297,1.231,0.652,1.17,0.374,0.789,0.803,0.902,0.8458571428571429,2.95
Vinnie Pasquantino*,1B,231,0.462,0.782,0.661,0.0,1.093,1.235,1.673,0.8437142857142857,2.95
Nick Maton*,3B,249,0.872,1.043,1.018,0.125,2.003,0.123,0.626,0.8300000000000001,2.9
Nick Pratto*,1B,261,0.821,0.521,0.916,0.125,1.335,0.968,0.965,0.8072857142857143,2.82
James McCann,C,151,0.615,0.391,0.661,0.374,0.0,2.038,1.546,0.8035714285714286,2.81
Tim Anderson,SS,380,1.283,0.0,0.712,1.497,0.789,1.328,0.0,0.8012857142857143,2.8
Joey Votto*,1B,170,0.257,1.303,1.017,0.0,0.789,0.443,1.795,0.8005714285714286,2.79
Rowdy Tellez*,1B,262,0.411,1.173,1.221,0.0,1.396,0.216,1.038,0.7792857142857145,2.72
Corey Dickerson*,OF,144,0.0,0.131,0.356,0.0,0.121,3.18,1.664,0.7788571428571428,2.72
Nicky Lopez*,2B,187,0.565,0.13,0.712,0.624,1.032,1.512,0.852,0.7752857142857144,2.71
Luke Maile,C,137,0.307,0.522,0.61,0.125,0.182,1.997,1.677,0.7742857142857142,2.7
Josh Rojas*,3B,189,0.565,0.0,0.712,0.749,0.789,1.677,0.865,0.7652857142857143,2.67
Ildemaro Vargas#,3B,184,0.565,0.521,0.662,0.0,0.303,1.811,1.411,0.7532857142857142,2.63
Rodolfo Castro#,2B,197,0.308,0.782,0.763,0.125,0.911,1.255,1.113,0.751,2.62
Zack Short,2B,183,0.0,0.652,1.068,0.374,0.789,1.214,1.154,0.7501428571428572,2.62
Jordan Diaz,2B,191,0.103,1.173,0.763,0.0,0.486,1.204,1.452,0.7401428571428571,2.58
Christian Vázquez,C,259,1.077,0.391,0.915,0.0,0.85,1.503,0.442,0.7397142857142857,2.58
Jason Delay,C,130,0.461,0.0,0.407,0.0,0.304,2.48,1.497,0.7355714285714285,2.57
Francisco Mejía#,C,150,0.769,0.522,0.559,0.0,0.0,1.76,1.519,0.7327142857142858,2.56
Brandon Crawford*,SS,242,0.667,0.652,1.221,0.374,0.789,0.278,1.136,0.731,2.55
Chad Wallach,C,134,0.513,0.782,0.254,0.0,0.425,1.554,1.555,0.7261428571428572,2.53
Miguel Rojas,SS,298,1.18,0.261,0.763,0.873,0.789,0.679,0.523,0.724,2.53
Rodolfo Castro#,2B,214,0.411,0.782,0.814,0.125,1.032,1.018,0.879,0.723,2.52
Jordan Westburg,2B,144,0.308,0.261,0.509,0.374,0.061,1.914,1.582,0.7155714285714285,2.5
Pavin Smith*,DH,184,0.872,0.782,0.763,0.125,1.578,0.278,0.56,0.7082857142857143,2.47
Yoán Moncada#,3B,233,0.513,0.521,0.509,0.125,0.425,1.667,1.154,0.702,2.45
Yuli Gurriel,1B,261,0.616,0.0,0.356,0.499,0.971,1.482,0.875,0.6855714285714286,2.39
Rougned Odor*,2B,138,0.411,0.521,0.559,0.249,0.668,1.039,1.289,0.6765714285714285,2.36
Reese McGuire*,C,138,0.307,0.0,0.305,0.125,0.122,2.48,1.388,0.6752857142857144,2.36
Christian Arroyo,2B,195,0.514,0.391,0.865,0.125,0.061,1.512,1.244,0.6731428571428572,2.35
Carlos Pérez,C,140,0.359,0.522,0.508,0.0,0.304,1.708,1.262,0.6661428571428571,2.33
Bo Naylor*,C,128,0.41,0.391,0.356,0.125,0.547,1.503,1.307,0.6627142857142856,2.31
Harold Castro*,2B,236,0.514,0.13,1.119,0.125,0.0,1.996,0.689,0.6532857142857142,2.28
Tucupita Marcano*,SS,202,0.102,0.261,0.508,0.624,0.061,1.318,1.673,0.6495714285714287,2.27
Alan Trejo,2B,166,0.154,0.261,0.661,0.499,0.304,1.543,1.118,0.6485714285714286,2.26
Oscar Gonzalez,OF,149,0.051,0.131,0.05,0.0,0.0,2.737,1.479,0.6354285714285715,2.22
Jean Segura,3B,301,0.667,0.391,0.458,0.749,1.031,1.142,0.0,0.6340000000000001,2.21
Martín Maldonado,C,289,0.923,1.173,0.915,0.0,1.093,0.0,0.32,0.632,2.21
Nick Fortes,C,245,0.974,0.522,0.661,0.374,0.425,1.142,0.302,0.6285714285714284,2.19
Joey Wendle*,SS,247,0.769,0.0,0.407,0.624,0.122,1.173,1.222,0.6167142857142858,2.15
Jose Barrero,SS,133,0.051,0.131,0.458,0.374,0.365,1.256,1.677,0.6159999999999999,2.15
Josh H. Smith*,SS,146,0.513,0.391,0.0,0.125,0.547,1.019,1.655,0.6071428571428571,2.12
Santiago Espinal,2B,179,0.667,0.261,0.559,0.249,0.607,1.111,0.689,0.5918571428571429,2.07
Aledmys Díaz,SS,264,0.41,0.391,0.712,0.125,0.425,0.937,1.127,0.5895714285714285,2.06
Matt Duffy,3B,165,0.154,0.13,0.0,0.125,0.364,2.202,1.14,0.5878571428571429,2.05
Trey Mancini,1B,235,0.821,0.13,0.763,0.0,0.85,0.916,0.605,0.5835714285714285,2.04
Nick Ahmed,SS,183,0.0,0.131,0.458,0.624,0.061,1.194,1.447,0.5592857142857143,1.95
Willie Calhoun*,DH,134,0.359,0.522,0.051,0.0,0.486,1.266,1.195,0.5541428571428572,1.93
Eric Haase,C,264,0.769,0.391,0.915,0.374,0.607,0.751,0.031,0.5482857142857143,1.91
Eric Haase,C,268,0.769,0.391,0.915,0.374,0.607,0.751,0.0,0.5438571428571428,1.9
Nicky Lopez*,2B,160,0.308,0.0,0.305,0.499,0.911,1.091,0.689,0.5432857142857143,1.9
Gabriel Arias,1B,220,0.411,0.652,0.153,0.249,1.153,0.381,0.799,0.5425714285714285,1.89
Jose Trevino,C,157,0.41,0.391,0.356,0.0,0.122,1.472,0.892,0.5204285714285714,1.82
Nelson Cruz,DH,143,0.0,0.522,0.407,0.125,0.0,1.338,1.159,0.5072857142857143,1.77
Matt Carpenter*,DH,171,0.308,0.391,0.661,0.125,1.639,0.0,0.402,0.5037142857142858,1.76
Miguel Cabrera,DH,247,0.308,0.131,0.305,0.0,1.154,1.317,0.307,0.5031428571428571,1.76
Jose Miranda,3B,142,0.0,0.391,0.051,0.0,0.242,1.564,1.172,0.48857142857142855,1.71
Seby Zavala,C,161,0.41,0.782,0.407,0.125,0.243,0.545,0.816,0.4754285714285714,1.66
Casey Schmitt,SS,209,0.41,0.131,0.865,0.249,0.122,0.515,0.911,0.4575714285714286,1.6
Jacob Stallings,C,171,0.41,0.131,0.305,0.0,0.971,0.906,0.401,0.44628571428571423,1.56
Elehuris Montero,1B,183,0.205,0.261,0.661,0.0,0.0,0.731,1.096,0.42200000000000004,1.47
Nick Allen,SS,210,0.256,0.261,0.152,0.499,0.243,0.484,0.708,0.37185714285714283,1.3
Jesse Winker*,DH,166,0.359,0.0,0.407,0.0,1.214,0.535,0.0,0.3592857142857143,1.25
Jonathan Schoop,2B,136,0.103,0.0,0.0,0.0,0.425,1.193,0.784,0.3578571428571428,1.25
Kody Clemens*,1B,139,0.0,0.13,0.0,0.0,0.061,1.04,1.168,0.3427142857142857,1.2
Austin Hedges,C,161,0.307,0.0,0.305,0.125,0.304,0.957,0.275,0.3247142857142857,1.13
Austin Hedges,C,166,0.307,0.0,0.305,0.125,0.304,0.823,0.18,0.292,1.02
Kolten Wong*,2B,194,0.411,0.261,0.61,0.125,0.607,0.0,0.0,0.28771428571428576,1.0
AJ Pollock,DH,133,0.308,0.522,0.0,0.0,0.182,0.267,0.627,0.2722857142857143,0.95
Austin Nola,C,130,0.102,0.0,0.0,0.0,0.729,0.731,0.324,0.2694285714285714,0.94
Austin Barnes,C,135,0.0,0.0,0.0,0.249,0.304,0.916,0.32,0.25557142857142856,0.89
Austin Slater,H,136,0.0,0.0,0.0,0.0,0.0,0.0,0.0,0.0,0.0
